DEALER DEAL;PLAYER DEAL;DEALER CALL FLOP;PLAYER CALL FLOP;DEALER BET TURN;PLAYER BET TURN;DEALER BET RIVER;PLAYER BET RIVER;WINNER;COUNT;PERCENT
HIGH_CARD;ONE_PAIR;ONE_PAIR;ONE_PAIR;TWO_PAIR;ONE_PAIR;FULL_HOUSE;TWO_PAIR;Player;1;0.01%
ONE_PAIR;HIGH_CARD;ONE_PAIR;ONE_PAIR;ONE_PAIR;ONE_PAIR;FLUSH;TWO_PAIR;Player;1;0.01%
HIGH_CARD;HIGH_CARD;THREE_OF_A_KIND;ONE_PAIR;FULL_HOUSE;TWO_PAIR;FULL_HOUSE;TWO_PAIR;Player;2;0.02%
ONE_PAIR;HIGH_CARD;ONE_PAIR;HIGH_CARD;ONE_PAIR;HIGH_CARD;ONE_PAIR;STRAIGHT;Player;5;0.05%
HIGH_CARD;HIGH_CARD;ONE_PAIR;TWO_PAIR;TWO_PAIR;TWO_PAIR;FULL_HOUSE;FULL_HOUSE;Player;2;0.02%
HIGH_CARD;HIGH_CARD;ONE_PAIR;ONE_PAIR;STRAIGHT;ONE_PAIR;STRAIGHT;TWO_PAIR;Player;1;0.01%
HIGH_CARD;HIGH_CARD;ONE_PAIR;STRAIGHT;ONE_PAIR;HIGH_CARD;TWO_PAIR;ONE_PAIR;Player;1;0.01%
HIGH_CARD;HIGH_CARD;HIGH_CARD;HIGH_CARD;HIGH_CARD;HIGH_CARD;STRAIGHT;STRAIGHT;Draw Game;2;0.02%
HIGH_CARD;ONE_PAIR;ONE_PAIR;ONE_PAIR;ONE_PAIR;ONE_PAIR;TWO_PAIR;THREE_OF_A_KIND;Player;1;0.01%
HIGH_CARD;HIGH_CARD;HIGH_CARD;TWO_PAIR;ONE_PAIR;TWO_PAIR;ONE_PAIR;TWO_PAIR;Player;26;0.26%
HIGH_CARD;HIGH_CARD;ONE_PAIR;HIGH_CARD;ONE_PAIR;HIGH_CARD;ONE_PAIR;FLUSH;Player;18;0.18%
HIGH_CARD;ONE_PAIR;THREE_OF_A_KIND;FULL_HOUSE;THREE_OF_A_KIND;FULL_HOUSE;THREE_OF_A_KIND;FULL_HOUSE;Player;2;0.02%
HIGH_CARD;ONE_PAIR;ONE_PAIR;THREE_OF_A_KIND;ONE_PAIR;THREE_OF_A_KIND;THREE_OF_A_KIND;FULL_HOUSE;Player;1;0.01%
HIGH_CARD;HIGH_CARD;ONE_PAIR;ONE_PAIR;ONE_PAIR;ONE_PAIR;THREE_OF_A_KIND;TWO_PAIR;Player;17;0.17%
HIGH_CARD;HIGH_CARD;HIGH_CARD;HIGH_CARD;ONE_PAIR;ONE_PAIR;ONE_PAIR;ONE_PAIR;Player;328;3.28%
HIGH_CARD;HIGH_CARD;HIGH_CARD;TWO_PAIR;ONE_PAIR;TWO_PAIR;TWO_PAIR;FULL_HOUSE;Player;4;0.04%
HIGH_CARD;HIGH_CARD;ONE_PAIR;HIGH_CARD;ONE_PAIR;FLUSH;ONE_PAIR;HIGH_CARD;Player;1;0.01%
HIGH_CARD;HIGH_CARD;THREE_OF_A_KIND;THREE_OF_A_KIND;THREE_OF_A_KIND;FULL_HOUSE;FULL_HOUSE;FULL_HOUSE;Player;1;0.01%
HIGH_CARD;HIGH_CARD;HIGH_CARD;HIGH_CARD;HIGH_CARD;ONE_PAIR;STRAIGHT;FLUSH;Player;1;0.01%
HIGH_CARD;HIGH_CARD;FLUSH;ONE_PAIR;HIGH_CARD;ONE_PAIR;ONE_PAIR;TWO_PAIR;Player;1;0.01%
HIGH_CARD;ONE_PAIR;HIGH_CARD;ONE_PAIR;HIGH_CARD;THREE_OF_A_KIND;ONE_PAIR;THREE_OF_A_KIND;Player;1;0.01%
ONE_PAIR;HIGH_CARD;ONE_PAIR;ONE_PAIR;ONE_PAIR;ONE_PAIR;TWO_PAIR;THREE_OF_A_KIND;Player;4;0.04%
HIGH_CARD;HIGH_CARD;ONE_PAIR;THREE_OF_A_KIND;TWO_PAIR;THREE_OF_A_KIND;TWO_PAIR;THREE_OF_A_KIND;Player;7;0.07%
HIGH_CARD;HIGH_CARD;HIGH_CARD;HIGH_CARD;ONE_PAIR;ONE_PAIR;ONE_PAIR;FLUSH;Player;10;0.1%
ONE_PAIR;HIGH_CARD;ONE_PAIR;HIGH_CARD;ONE_PAIR;HIGH_CARD;THREE_OF_A_KIND;HIGH_CARD;Player;4;0.04%
HIGH_CARD;HIGH_CARD;HIGH_CARD;HIGH_CARD;STRAIGHT;HIGH_CARD;ONE_PAIR;ONE_PAIR;Player;5;0.05%
HIGH_CARD;HIGH_CARD;ONE_PAIR;THREE_OF_A_KIND;ONE_PAIR;THREE_OF_A_KIND;THREE_OF_A_KIND;FOUR_OF_A_KIND;Player;6;0.06%
HIGH_CARD;ONE_PAIR;ONE_PAIR;ONE_PAIR;ONE_PAIR;ONE_PAIR;FLUSH;ONE_PAIR;Player;2;0.02%
ONE_PAIR;ONE_PAIR;ONE_PAIR;THREE_OF_A_KIND;TWO_PAIR;FULL_HOUSE;FULL_HOUSE;THREE_OF_A_KIND;Player;1;0.01%
HIGH_CARD;HIGH_CARD;ONE_PAIR;THREE_OF_A_KIND;TWO_PAIR;THREE_OF_A_KIND;TWO_PAIR;FLUSH;Player;1;0.01%
HIGH_CARD;HIGH_CARD;ONE_PAIR;HIGH_CARD;ONE_PAIR;STRAIGHT;ONE_PAIR;STRAIGHT;Player;12;0.12%
ONE_PAIR;HIGH_CARD;TWO_PAIR;TWO_PAIR;TWO_PAIR;TWO_PAIR;TWO_PAIR;TWO_PAIR;Player;8;0.08%
HIGH_CARD;HIGH_CARD;HIGH_CARD;ONE_PAIR;ONE_PAIR;THREE_OF_A_KIND;ONE_PAIR;THREE_OF_A_KIND;Player;46;0.46%
HIGH_CARD;HIGH_CARD;FLUSH;ONE_PAIR;HIGH_CARD;FLUSH;ONE_PAIR;FLUSH;Player;1;0.01%
HIGH_CARD;HIGH_CARD;HIGH_CARD;ONE_PAIR;ONE_PAIR;ONE_PAIR;ONE_PAIR;STRAIGHT;Player;1;0.01%
HIGH_CARD;HIGH_CARD;TWO_PAIR;HIGH_CARD;TWO_PAIR;ONE_PAIR;FULL_HOUSE;THREE_OF_A_KIND;Player;2;0.02%
HIGH_CARD;HIGH_CARD;ONE_PAIR;HIGH_CARD;ONE_PAIR;ONE_PAIR;FLUSH;ONE_PAIR;Player;4;0.04%
HIGH_CARD;HIGH_CARD;ONE_PAIR;ONE_PAIR;ONE_PAIR;FLUSH;FLUSH;ONE_PAIR;Player;1;0.01%
HIGH_CARD;ONE_PAIR;ONE_PAIR;FULL_HOUSE;ONE_PAIR;FULL_HOUSE;ONE_PAIR;FULL_HOUSE;Player;3;0.03%
HIGH_CARD;HIGH_CARD;ONE_PAIR;ONE_PAIR;STRAIGHT;ONE_PAIR;STRAIGHT;ONE_PAIR;Player;1;0.01%
ONE_PAIR;HIGH_CARD;FULL_HOUSE;ONE_PAIR;THREE_OF_A_KIND;THREE_OF_A_KIND;THREE_OF_A_KIND;THREE_OF_A_KIND;Player;1;0.01%
HIGH_CARD;HIGH_CARD;ONE_PAIR;THREE_OF_A_KIND;ONE_PAIR;THREE_OF_A_KIND;FLUSH;FLUSH;Player;1;0.01%
HIGH_CARD;HIGH_CARD;HIGH_CARD;HIGH_CARD;FLUSH;ONE_PAIR;ONE_PAIR;ONE_PAIR;Player;1;0.01%
HIGH_CARD;HIGH_CARD;HIGH_CARD;HIGH_CARD;HIGH_CARD;HIGH_CARD;STRAIGHT;ONE_PAIR;Player;13;0.13%
ONE_PAIR;HIGH_CARD;THREE_OF_A_KIND;TWO_PAIR;FOUR_OF_A_KIND;TWO_PAIR;FOUR_OF_A_KIND;TWO_PAIR;Player;1;0.01%
HIGH_CARD;HIGH_CARD;HIGH_CARD;ONE_PAIR;HIGH_CARD;ONE_PAIR;FLUSH;TWO_PAIR;Player;8;0.08%
HIGH_CARD;HIGH_CARD;HIGH_CARD;HIGH_CARD;HIGH_CARD;HIGH_CARD;ONE_PAIR;ONE_PAIR;Draw Game;7;0.07%
HIGH_CARD;HIGH_CARD;STRAIGHT;HIGH_CARD;STRAIGHT;ONE_PAIR;STRAIGHT;ONE_PAIR;Player;3;0.03%
HIGH_CARD;HIGH_CARD;HIGH_CARD;FLUSH;FLUSH;HIGH_CARD;FLUSH;ONE_PAIR;Player;1;0.01%
ONE_PAIR;ONE_PAIR;ONE_PAIR;THREE_OF_A_KIND;THREE_OF_A_KIND;THREE_OF_A_KIND;THREE_OF_A_KIND;THREE_OF_A_KIND;Player;1;0.01%
HIGH_CARD;HIGH_CARD;ONE_PAIR;HIGH_CARD;FLUSH;HIGH_CARD;ONE_PAIR;FLUSH;Player;1;0.01%
HIGH_CARD;HIGH_CARD;FLUSH;ONE_PAIR;HIGH_CARD;ONE_PAIR;ONE_PAIR;ONE_PAIR;Player;1;0.01%
ONE_PAIR;HIGH_CARD;THREE_OF_A_KIND;ONE_PAIR;THREE_OF_A_KIND;ONE_PAIR;THREE_OF_A_KIND;ONE_PAIR;Player;5;0.05%
HIGH_CARD;HIGH_CARD;ONE_PAIR;HIGH_CARD;ONE_PAIR;HIGH_CARD;TWO_PAIR;HIGH_CARD;Player;52;0.52%
HIGH_CARD;HIGH_CARD;ONE_PAIR;STRAIGHT;ONE_PAIR;STRAIGHT;TWO_PAIR;HIGH_CARD;Player;1;0.01%
HIGH_CARD;HIGH_CARD;ONE_PAIR;HIGH_CARD;ONE_PAIR;HIGH_CARD;FLUSH;FLUSH;Player;5;0.05%
ONE_PAIR;HIGH_CARD;ONE_PAIR;HIGH_CARD;ONE_PAIR;ONE_PAIR;ONE_PAIR;ONE_PAIR;Player;15;0.15%
HIGH_CARD;HIGH_CARD;HIGH_CARD;ONE_PAIR;STRAIGHT;ONE_PAIR;HIGH_CARD;ONE_PAIR;Player;3;0.03%
HIGH_CARD;HIGH_CARD;HIGH_CARD;HIGH_CARD;STRAIGHT;STRAIGHT;HIGH_CARD;HIGH_CARD;Player;1;0.01%
HIGH_CARD;HIGH_CARD;TWO_PAIR;ONE_PAIR;FULL_HOUSE;TWO_PAIR;FULL_HOUSE;TWO_PAIR;Player;6;0.06%
ONE_PAIR;ONE_PAIR;ONE_PAIR;ONE_PAIR;ONE_PAIR;ONE_PAIR;TWO_PAIR;TWO_PAIR;Player;3;0.03%
ONE_PAIR;HIGH_CARD;ONE_PAIR;HIGH_CARD;ONE_PAIR;HIGH_CARD;STRAIGHT;HIGH_CARD;Player;1;0.01%
HIGH_CARD;HIGH_CARD;ONE_PAIR;STRAIGHT;TWO_PAIR;ONE_PAIR;TWO_PAIR;TWO_PAIR;Player;1;0.01%
HIGH_CARD;HIGH_CARD;TWO_PAIR;ONE_PAIR;TWO_PAIR;TWO_PAIR;TWO_PAIR;TWO_PAIR;Player;25;0.25%
HIGH_CARD;HIGH_CARD;HIGH_CARD;HIGH_CARD;HIGH_CARD;ONE_PAIR;STRAIGHT;TWO_PAIR;Player;3;0.03%
HIGH_CARD;HIGH_CARD;ONE_PAIR;STRAIGHT;TWO_PAIR;ONE_PAIR;TWO_PAIR;ONE_PAIR;Player;2;0.02%
HIGH_CARD;HIGH_CARD;ONE_PAIR;THREE_OF_A_KIND;ONE_PAIR;THREE_OF_A_KIND;ONE_PAIR;FULL_HOUSE;Player;5;0.05%
HIGH_CARD;HIGH_CARD;HIGH_CARD;ONE_PAIR;HIGH_CARD;ONE_PAIR;FLUSH;ONE_PAIR;Player;9;0.09%
HIGH_CARD;HIGH_CARD;HIGH_CARD;HIGH_CARD;FLUSH;HIGH_CARD;FLUSH;ONE_PAIR;Player;9;0.09%
HIGH_CARD;HIGH_CARD;HIGH_CARD;HIGH_CARD;HIGH_CARD;ONE_PAIR;FLUSH;FLUSH;Player;3;0.03%
ONE_PAIR;HIGH_CARD;TWO_PAIR;ONE_PAIR;TWO_PAIR;FLUSH;TWO_PAIR;FLUSH;Player;1;0.01%
HIGH_CARD;HIGH_CARD;HIGH_CARD;ONE_PAIR;FLUSH;ONE_PAIR;HIGH_CARD;FLUSH;Player;1;0.01%
HIGH_CARD;HIGH_CARD;HIGH_CARD;ONE_PAIR;ONE_PAIR;TWO_PAIR;FLUSH;TWO_PAIR;Player;2;0.02%
HIGH_CARD;HIGH_CARD;HIGH_CARD;HIGH_CARD;HIGH_CARD;STRAIGHT;ONE_PAIR;ONE_PAIR;Player;6;0.06%
HIGH_CARD;HIGH_CARD;HIGH_CARD;HIGH_CARD;HIGH_CARD;ONE_PAIR;STRAIGHT;ONE_PAIR;Player;5;0.05%
HIGH_CARD;HIGH_CARD;ONE_PAIR;HIGH_CARD;THREE_OF_A_KIND;FLUSH;FLUSH;ONE_PAIR;Player;1;0.01%
ONE_PAIR;HIGH_CARD;ONE_PAIR;HIGH_CARD;ONE_PAIR;ONE_PAIR;ONE_PAIR;TWO_PAIR;Player;3;0.03%
HIGH_CARD;HIGH_CARD;ONE_PAIR;STRAIGHT;ONE_PAIR;STRAIGHT;ONE_PAIR;STRAIGHT;Player;5;0.05%
HIGH_CARD;HIGH_CARD;TWO_PAIR;TWO_PAIR;TWO_PAIR;TWO_PAIR;TWO_PAIR;TWO_PAIR;Player;11;0.11%
HIGH_CARD;HIGH_CARD;HIGH_CARD;TWO_PAIR;ONE_PAIR;FULL_HOUSE;FLUSH;FULL_HOUSE;Player;1;0.01%
HIGH_CARD;ONE_PAIR;HIGH_CARD;ONE_PAIR;ONE_PAIR;TWO_PAIR;FLUSH;TWO_PAIR;Player;1;0.01%
HIGH_CARD;ONE_PAIR;HIGH_CARD;ONE_PAIR;ONE_PAIR;THREE_OF_A_KIND;ONE_PAIR;THREE_OF_A_KIND;Player;1;0.01%
HIGH_CARD;HIGH_CARD;ONE_PAIR;ONE_PAIR;TWO_PAIR;TWO_PAIR;TWO_PAIR;FULL_HOUSE;Player;3;0.03%
HIGH_CARD;ONE_PAIR;HIGH_CARD;ONE_PAIR;ONE_PAIR;ONE_PAIR;TWO_PAIR;ONE_PAIR;Player;1;0.01%
HIGH_CARD;HIGH_CARD;HIGH_CARD;HIGH_CARD;STRAIGHT;ONE_PAIR;STRAIGHT;TWO_PAIR;Player;1;0.01%
HIGH_CARD;HIGH_CARD;HIGH_CARD;HIGH_CARD;ONE_PAIR;HIGH_CARD;ONE_PAIR;FLUSH;Player;4;0.04%
HIGH_CARD;HIGH_CARD;TWO_PAIR;ONE_PAIR;TWO_PAIR;FLUSH;TWO_PAIR;FLUSH;Player;1;0.01%
HIGH_CARD;HIGH_CARD;ONE_PAIR;ONE_PAIR;ONE_PAIR;ONE_PAIR;ONE_PAIR;ONE_PAIR;Player;646;6.46%
HIGH_CARD;HIGH_CARD;HIGH_CARD;ONE_PAIR;STRAIGHT;ONE_PAIR;STRAIGHT;ONE_PAIR;Player;9;0.09%
HIGH_CARD;HIGH_CARD;HIGH_CARD;HIGH_CARD;ONE_PAIR;ONE_PAIR;ONE_PAIR;TWO_PAIR;Player;65;0.65%
HIGH_CARD;ONE_PAIR;HIGH_CARD;THREE_OF_A_KIND;ONE_PAIR;FOUR_OF_A_KIND;ONE_PAIR;FOUR_OF_A_KIND;Player;1;0.01%
HIGH_CARD;HIGH_CARD;HIGH_CARD;HIGH_CARD;HIGH_CARD;HIGH_CARD;HIGH_CARD;HIGH_CARD;Player;631;6.31%
HIGH_CARD;HIGH_CARD;ONE_PAIR;TWO_PAIR;ONE_PAIR;TWO_PAIR;TWO_PAIR;TWO_PAIR;Player;28;0.28%
HIGH_CARD;HIGH_CARD;ONE_PAIR;ONE_PAIR;ONE_PAIR;ONE_PAIR;TWO_PAIR;STRAIGHT;Player;2;0.02%
HIGH_CARD;HIGH_CARD;HIGH_CARD;ONE_PAIR;ONE_PAIR;THREE_OF_A_KIND;STRAIGHT;FULL_HOUSE;Player;1;0.01%
HIGH_CARD;HIGH_CARD;FULL_HOUSE;ONE_PAIR;FULL_HOUSE;ONE_PAIR;THREE_OF_A_KIND;TWO_PAIR;Player;1;0.01%
HIGH_CARD;HIGH_CARD;TWO_PAIR;ONE_PAIR;TWO_PAIR;TWO_PAIR;FULL_HOUSE;FULL_HOUSE;Player;1;0.01%
HIGH_CARD;HIGH_CARD;HIGH_CARD;STRAIGHT;HIGH_CARD;HIGH_CARD;HIGH_CARD;ONE_PAIR;Player;1;0.01%
HIGH_CARD;HIGH_CARD;HIGH_CARD;ONE_PAIR;STRAIGHT;ONE_PAIR;HIGH_CARD;TWO_PAIR;Player;1;0.01%
HIGH_CARD;HIGH_CARD;ONE_PAIR;HIGH_CARD;ONE_PAIR;ONE_PAIR;TWO_PAIR;TWO_PAIR;Player;15;0.15%
HIGH_CARD;HIGH_CARD;ONE_PAIR;HIGH_CARD;ONE_PAIR;ONE_PAIR;STRAIGHT;ONE_PAIR;Player;1;0.01%
HIGH_CARD;HIGH_CARD;HIGH_CARD;TWO_PAIR;HIGH_CARD;TWO_PAIR;ONE_PAIR;FULL_HOUSE;Player;6;0.06%
HIGH_CARD;HIGH_CARD;ONE_PAIR;ONE_PAIR;ONE_PAIR;ONE_PAIR;ONE_PAIR;TWO_PAIR;Player;88;0.88%
HIGH_CARD;HIGH_CARD;ONE_PAIR;ONE_PAIR;TWO_PAIR;THREE_OF_A_KIND;FLUSH;THREE_OF_A_KIND;Player;1;0.01%
HIGH_CARD;HIGH_CARD;HIGH_CARD;HIGH_CARD;HIGH_CARD;HIGH_CARD;HIGH_CARD;HIGH_CARD;Draw Game;18;0.18%
HIGH_CARD;ONE_PAIR;HIGH_CARD;ONE_PAIR;STRAIGHT;ONE_PAIR;STRAIGHT;THREE_OF_A_KIND;Player;1;0.01%
HIGH_CARD;HIGH_CARD;ONE_PAIR;ONE_PAIR;STRAIGHT;ONE_PAIR;TWO_PAIR;TWO_PAIR;Player;1;0.01%
HIGH_CARD;ONE_PAIR;ONE_PAIR;ONE_PAIR;ONE_PAIR;ONE_PAIR;TWO_PAIR;TWO_PAIR;Player;22;0.22%
HIGH_CARD;HIGH_CARD;ONE_PAIR;ONE_PAIR;FLUSH;ONE_PAIR;FLUSH;TWO_PAIR;Player;1;0.01%
HIGH_CARD;HIGH_CARD;ONE_PAIR;STRAIGHT;ONE_PAIR;STRAIGHT;ONE_PAIR;ONE_PAIR;Player;1;0.01%
HIGH_CARD;HIGH_CARD;ONE_PAIR;ONE_PAIR;THREE_OF_A_KIND;TWO_PAIR;THREE_OF_A_KIND;TWO_PAIR;Player;22;0.22%
ONE_PAIR;HIGH_CARD;ONE_PAIR;TWO_PAIR;ONE_PAIR;TWO_PAIR;ONE_PAIR;TWO_PAIR;Player;7;0.07%
HIGH_CARD;HIGH_CARD;HIGH_CARD;STRAIGHT;ONE_PAIR;ONE_PAIR;TWO_PAIR;TWO_PAIR;Player;1;0.01%
HIGH_CARD;HIGH_CARD;HIGH_CARD;ONE_PAIR;HIGH_CARD;ONE_PAIR;STRAIGHT;TWO_PAIR;Player;3;0.03%
HIGH_CARD;HIGH_CARD;HIGH_CARD;HIGH_CARD;ONE_PAIR;HIGH_CARD;FLUSH;FLUSH;Player;1;0.01%
HIGH_CARD;HIGH_CARD;HIGH_CARD;HIGH_CARD;ONE_PAIR;STRAIGHT;ONE_PAIR;HIGH_CARD;Player;1;0.01%
HIGH_CARD;HIGH_CARD;ONE_PAIR;ONE_PAIR;ONE_PAIR;ONE_PAIR;THREE_OF_A_KIND;THREE_OF_A_KIND;Draw Game;2;0.02%
HIGH_CARD;ONE_PAIR;ONE_PAIR;TWO_PAIR;ONE_PAIR;TWO_PAIR;THREE_OF_A_KIND;FULL_HOUSE;Player;2;0.02%
HIGH_CARD;HIGH_CARD;ONE_PAIR;THREE_OF_A_KIND;ONE_PAIR;FULL_HOUSE;TWO_PAIR;FULL_HOUSE;Player;1;0.01%
HIGH_CARD;ONE_PAIR;ONE_PAIR;ONE_PAIR;ONE_PAIR;THREE_OF_A_KIND;ONE_PAIR;THREE_OF_A_KIND;Player;4;0.04%
HIGH_CARD;HIGH_CARD;FLUSH;TWO_PAIR;FLUSH;TWO_PAIR;FLUSH;TWO_PAIR;Player;1;0.01%
HIGH_CARD;ONE_PAIR;ONE_PAIR;ONE_PAIR;ONE_PAIR;ONE_PAIR;TWO_PAIR;ONE_PAIR;Player;4;0.04%
HIGH_CARD;HIGH_CARD;HIGH_CARD;HIGH_CARD;ONE_PAIR;HIGH_CARD;TWO_PAIR;STRAIGHT;Player;2;0.02%
HIGH_CARD;HIGH_CARD;ONE_PAIR;ONE_PAIR;ONE_PAIR;ONE_PAIR;THREE_OF_A_KIND;THREE_OF_A_KIND;Player;35;0.35%
HIGH_CARD;HIGH_CARD;TWO_PAIR;ONE_PAIR;TWO_PAIR;ONE_PAIR;TWO_PAIR;ONE_PAIR;Player;112;1.12%
HIGH_CARD;HIGH_CARD;TWO_PAIR;ONE_PAIR;TWO_PAIR;ONE_PAIR;FULL_HOUSE;THREE_OF_A_KIND;Player;7;0.07%
HIGH_CARD;HIGH_CARD;ONE_PAIR;THREE_OF_A_KIND;FLUSH;THREE_OF_A_KIND;ONE_PAIR;THREE_OF_A_KIND;Player;1;0.01%
ONE_PAIR;HIGH_CARD;FULL_HOUSE;THREE_OF_A_KIND;FULL_HOUSE;THREE_OF_A_KIND;FULL_HOUSE;THREE_OF_A_KIND;Player;1;0.01%
HIGH_CARD;HIGH_CARD;HIGH_CARD;HIGH_CARD;ONE_PAIR;FLUSH;TWO_PAIR;FLUSH;Player;1;0.01%
HIGH_CARD;HIGH_CARD;ONE_PAIR;ONE_PAIR;ONE_PAIR;ONE_PAIR;ONE_PAIR;FLUSH;Player;17;0.17%
HIGH_CARD;HIGH_CARD;HIGH_CARD;STRAIGHT;HIGH_CARD;STRAIGHT;ONE_PAIR;ONE_PAIR;Player;1;0.01%
HIGH_CARD;HIGH_CARD;ONE_PAIR;ONE_PAIR;TWO_PAIR;TWO_PAIR;FULL_HOUSE;TWO_PAIR;Player;1;0.01%
HIGH_CARD;HIGH_CARD;HIGH_CARD;ONE_PAIR;HIGH_CARD;ONE_PAIR;HIGH_CARD;STRAIGHT;Player;6;0.06%
HIGH_CARD;ONE_PAIR;THREE_OF_A_KIND;TWO_PAIR;FULL_HOUSE;TWO_PAIR;FULL_HOUSE;TWO_PAIR;Player;2;0.02%
HIGH_CARD;HIGH_CARD;TWO_PAIR;HIGH_CARD;TWO_PAIR;ONE_PAIR;FULL_HOUSE;TWO_PAIR;Player;1;0.01%
HIGH_CARD;ONE_PAIR;ONE_PAIR;ONE_PAIR;ONE_PAIR;ONE_PAIR;STRAIGHT;ONE_PAIR;Player;2;0.02%
HIGH_CARD;HIGH_CARD;HIGH_CARD;STRAIGHT;HIGH_CARD;STRAIGHT;HIGH_CARD;HIGH_CARD;Player;1;0.01%
ONE_PAIR;HIGH_CARD;ONE_PAIR;ONE_PAIR;STRAIGHT;ONE_PAIR;STRAIGHT;ONE_PAIR;Player;1;0.01%
HIGH_CARD;HIGH_CARD;HIGH_CARD;ONE_PAIR;HIGH_CARD;ONE_PAIR;ONE_PAIR;STRAIGHT;Player;2;0.02%
HIGH_CARD;HIGH_CARD;ONE_PAIR;ONE_PAIR;ONE_PAIR;TWO_PAIR;STRAIGHT;TWO_PAIR;Player;1;0.01%
HIGH_CARD;HIGH_CARD;HIGH_CARD;HIGH_CARD;STRAIGHT;STRAIGHT;HIGH_CARD;STRAIGHT;Player;1;0.01%
ONE_PAIR;HIGH_CARD;ONE_PAIR;HIGH_CARD;ONE_PAIR;HIGH_CARD;ONE_PAIR;FLUSH;Player;2;0.02%
HIGH_CARD;HIGH_CARD;HIGH_CARD;HIGH_CARD;STRAIGHT;HIGH_CARD;FLUSH;FLUSH;Player;1;0.01%
HIGH_CARD;HIGH_CARD;HIGH_CARD;HIGH_CARD;STRAIGHT;HIGH_CARD;ONE_PAIR;HIGH_CARD;Player;2;0.02%
HIGH_CARD;HIGH_CARD;ONE_PAIR;TWO_PAIR;TWO_PAIR;TWO_PAIR;TWO_PAIR;FULL_HOUSE;Player;2;0.02%
HIGH_CARD;HIGH_CARD;ONE_PAIR;HIGH_CARD;TWO_PAIR;ONE_PAIR;FLUSH;ONE_PAIR;Player;1;0.01%
HIGH_CARD;HIGH_CARD;STRAIGHT;HIGH_CARD;HIGH_CARD;STRAIGHT;ONE_PAIR;ONE_PAIR;Player;1;0.01%
HIGH_CARD;HIGH_CARD;ONE_PAIR;THREE_OF_A_KIND;ONE_PAIR;THREE_OF_A_KIND;ONE_PAIR;THREE_OF_A_KIND;Player;57;0.57%
HIGH_CARD;HIGH_CARD;ONE_PAIR;ONE_PAIR;ONE_PAIR;TWO_PAIR;TWO_PAIR;TWO_PAIR;Player;24;0.24%
HIGH_CARD;ONE_PAIR;HIGH_CARD;THREE_OF_A_KIND;ONE_PAIR;FULL_HOUSE;THREE_OF_A_KIND;THREE_OF_A_KIND;Player;1;0.01%
HIGH_CARD;HIGH_CARD;ONE_PAIR;TWO_PAIR;FLUSH;TWO_PAIR;FLUSH;FULL_HOUSE;Player;1;0.01%
HIGH_CARD;ONE_PAIR;TWO_PAIR;THREE_OF_A_KIND;TWO_PAIR;THREE_OF_A_KIND;TWO_PAIR;THREE_OF_A_KIND;Player;1;0.01%
HIGH_CARD;HIGH_CARD;HIGH_CARD;ONE_PAIR;HIGH_CARD;ONE_PAIR;FLUSH;FLUSH;Player;5;0.05%
HIGH_CARD;HIGH_CARD;ONE_PAIR;HIGH_CARD;FLUSH;HIGH_CARD;FLUSH;HIGH_CARD;Player;3;0.03%
HIGH_CARD;HIGH_CARD;ONE_PAIR;ONE_PAIR;FLUSH;TWO_PAIR;FLUSH;FULL_HOUSE;Player;1;0.01%
HIGH_CARD;HIGH_CARD;HIGH_CARD;ONE_PAIR;ONE_PAIR;ONE_PAIR;TWO_PAIR;THREE_OF_A_KIND;Player;9;0.09%
HIGH_CARD;HIGH_CARD;HIGH_CARD;HIGH_CARD;HIGH_CARD;HIGH_CARD;STRAIGHT;HIGH_CARD;Player;34;0.34%
HIGH_CARD;ONE_PAIR;HIGH_CARD;THREE_OF_A_KIND;ONE_PAIR;FULL_HOUSE;TWO_PAIR;FULL_HOUSE;Player;2;0.02%
HIGH_CARD;HIGH_CARD;HIGH_CARD;ONE_PAIR;HIGH_CARD;TWO_PAIR;ONE_PAIR;TWO_PAIR;Player;22;0.22%
HIGH_CARD;HIGH_CARD;ONE_PAIR;HIGH_CARD;ONE_PAIR;HIGH_CARD;ONE_PAIR;HIGH_CARD;Player;441;4.41%
HIGH_CARD;HIGH_CARD;FLUSH;ONE_PAIR;FLUSH;ONE_PAIR;FLUSH;ONE_PAIR;Player;2;0.02%
HIGH_CARD;ONE_PAIR;ONE_PAIR;ONE_PAIR;ONE_PAIR;THREE_OF_A_KIND;STRAIGHT;THREE_OF_A_KIND;Player;1;0.01%
HIGH_CARD;HIGH_CARD;ONE_PAIR;HIGH_CARD;ONE_PAIR;ONE_PAIR;TWO_PAIR;ONE_PAIR;Player;12;0.12%
HIGH_CARD;HIGH_CARD;TWO_PAIR;THREE_OF_A_KIND;FULL_HOUSE;FOUR_OF_A_KIND;FULL_HOUSE;FOUR_OF_A_KIND;Player;1;0.01%
HIGH_CARD;HIGH_CARD;TWO_PAIR;STRAIGHT;TWO_PAIR;STRAIGHT;TWO_PAIR;STRAIGHT;Player;1;0.01%
HIGH_CARD;HIGH_CARD;ONE_PAIR;ONE_PAIR;ONE_PAIR;TWO_PAIR;FLUSH;TWO_PAIR;Player;1;0.01%
HIGH_CARD;HIGH_CARD;HIGH_CARD;STRAIGHT;HIGH_CARD;STRAIGHT;ONE_PAIR;STRAIGHT;Player;1;0.01%
HIGH_CARD;HIGH_CARD;HIGH_CARD;ONE_PAIR;STRAIGHT;TWO_PAIR;STRAIGHT;TWO_PAIR;Player;3;0.03%
HIGH_CARD;HIGH_CARD;ONE_PAIR;ONE_PAIR;FLUSH;ONE_PAIR;FLUSH;ONE_PAIR;Player;2;0.02%
HIGH_CARD;HIGH_CARD;HIGH_CARD;HIGH_CARD;HIGH_CARD;ONE_PAIR;HIGH_CARD;TWO_PAIR;Player;10;0.1%
HIGH_CARD;HIGH_CARD;STRAIGHT;HIGH_CARD;STRAIGHT;HIGH_CARD;STRAIGHT;HIGH_CARD;Player;4;0.04%
HIGH_CARD;HIGH_CARD;HIGH_CARD;HIGH_CARD;ONE_PAIR;ONE_PAIR;TWO_PAIR;STRAIGHT;Player;2;0.02%
HIGH_CARD;HIGH_CARD;STRAIGHT;TWO_PAIR;FLUSH;TWO_PAIR;FLUSH;TWO_PAIR;Player;1;0.01%
HIGH_CARD;ONE_PAIR;HIGH_CARD;THREE_OF_A_KIND;HIGH_CARD;THREE_OF_A_KIND;HIGH_CARD;THREE_OF_A_KIND;Player;16;0.16%
HIGH_CARD;HIGH_CARD;HIGH_CARD;HIGH_CARD;HIGH_CARD;FLUSH;HIGH_CARD;FLUSH;Player;8;0.08%
HIGH_CARD;HIGH_CARD;HIGH_CARD;HIGH_CARD;ONE_PAIR;HIGH_CARD;TWO_PAIR;ONE_PAIR;Player;61;0.61%
HIGH_CARD;ONE_PAIR;HIGH_CARD;ONE_PAIR;ONE_PAIR;TWO_PAIR;TWO_PAIR;TWO_PAIR;Player;14;0.14%
HIGH_CARD;HIGH_CARD;HIGH_CARD;HIGH_CARD;ONE_PAIR;ONE_PAIR;THREE_OF_A_KIND;THREE_OF_A_KIND;Player;38;0.38%
HIGH_CARD;HIGH_CARD;ONE_PAIR;ONE_PAIR;THREE_OF_A_KIND;THREE_OF_A_KIND;FULL_HOUSE;FULL_HOUSE;Player;5;0.05%
HIGH_CARD;HIGH_CARD;ONE_PAIR;FULL_HOUSE;ONE_PAIR;FULL_HOUSE;ONE_PAIR;FULL_HOUSE;Player;1;0.01%
HIGH_CARD;HIGH_CARD;ONE_PAIR;HIGH_CARD;ONE_PAIR;ONE_PAIR;ONE_PAIR;ONE_PAIR;Player;118;1.18%
HIGH_CARD;HIGH_CARD;ONE_PAIR;ONE_PAIR;TWO_PAIR;TWO_PAIR;FULL_HOUSE;FULL_HOUSE;Player;10;0.1%
HIGH_CARD;HIGH_CARD;HIGH_CARD;HIGH_CARD;HIGH_CARD;HIGH_CARD;ONE_PAIR;FLUSH;Player;8;0.08%
HIGH_CARD;HIGH_CARD;HIGH_CARD;TWO_PAIR;ONE_PAIR;FULL_HOUSE;TWO_PAIR;THREE_OF_A_KIND;Player;1;0.01%
ONE_PAIR;HIGH_CARD;ONE_PAIR;HIGH_CARD;FLUSH;HIGH_CARD;FLUSH;ONE_PAIR;Player;1;0.01%
HIGH_CARD;HIGH_CARD;HIGH_CARD;HIGH_CARD;ONE_PAIR;ONE_PAIR;FLUSH;FLUSH;Player;2;0.02%
HIGH_CARD;HIGH_CARD;HIGH_CARD;ONE_PAIR;HIGH_CARD;ONE_PAIR;FLUSH;STRAIGHT;Player;1;0.01%
HIGH_CARD;HIGH_CARD;ONE_PAIR;HIGH_CARD;STRAIGHT;HIGH_CARD;STRAIGHT;STRAIGHT;Player;1;0.01%
HIGH_CARD;ONE_PAIR;ONE_PAIR;TWO_PAIR;TWO_PAIR;TWO_PAIR;TWO_PAIR;FULL_HOUSE;Player;3;0.03%
HIGH_CARD;HIGH_CARD;HIGH_CARD;HIGH_CARD;ONE_PAIR;ONE_PAIR;ONE_PAIR;STRAIGHT;Player;4;0.04%
HIGH_CARD;HIGH_CARD;ONE_PAIR;THREE_OF_A_KIND;ONE_PAIR;FULL_HOUSE;ONE_PAIR;FULL_HOUSE;Player;3;0.03%
HIGH_CARD;HIGH_CARD;HIGH_CARD;HIGH_CARD;STRAIGHT;HIGH_CARD;STRAIGHT;HIGH_CARD;Player;14;0.14%
HIGH_CARD;HIGH_CARD;ONE_PAIR;HIGH_CARD;FLUSH;ONE_PAIR;FLUSH;ONE_PAIR;Player;2;0.02%
HIGH_CARD;ONE_PAIR;ONE_PAIR;ONE_PAIR;THREE_OF_A_KIND;TWO_PAIR;FULL_HOUSE;TWO_PAIR;Player;2;0.02%
HIGH_CARD;HIGH_CARD;TWO_PAIR;ONE_PAIR;TWO_PAIR;ONE_PAIR;TWO_PAIR;TWO_PAIR;Player;33;0.33%
ONE_PAIR;ONE_PAIR;ONE_PAIR;ONE_PAIR;ONE_PAIR;ONE_PAIR;THREE_OF_A_KIND;ONE_PAIR;Player;1;0.01%
HIGH_CARD;HIGH_CARD;HIGH_CARD;HIGH_CARD;HIGH_CARD;ONE_PAIR;HIGH_CARD;FLUSH;Player;1;0.01%
HIGH_CARD;HIGH_CARD;FLUSH;ONE_PAIR;FLUSH;ONE_PAIR;FLUSH;TWO_PAIR;Player;1;0.01%
HIGH_CARD;HIGH_CARD;ONE_PAIR;THREE_OF_A_KIND;ONE_PAIR;THREE_OF_A_KIND;FLUSH;FULL_HOUSE;Player;1;0.01%
HIGH_CARD;ONE_PAIR;HIGH_CARD;ONE_PAIR;HIGH_CARD;ONE_PAIR;FLUSH;FLUSH;Player;1;0.01%
HIGH_CARD;ONE_PAIR;FLUSH;ONE_PAIR;FLUSH;ONE_PAIR;HIGH_CARD;THREE_OF_A_KIND;Player;1;0.01%
HIGH_CARD;ONE_PAIR;HIGH_CARD;THREE_OF_A_KIND;ONE_PAIR;FULL_HOUSE;ONE_PAIR;FULL_HOUSE;Player;4;0.04%
HIGH_CARD;HIGH_CARD;THREE_OF_A_KIND;THREE_OF_A_KIND;THREE_OF_A_KIND;THREE_OF_A_KIND;THREE_OF_A_KIND;THREE_OF_A_KIND;Draw Game;1;0.01%
HIGH_CARD;HIGH_CARD;TWO_PAIR;ONE_PAIR;TWO_PAIR;THREE_OF_A_KIND;FULL_HOUSE;FULL_HOUSE;Player;1;0.01%
HIGH_CARD;HIGH_CARD;THREE_OF_A_KIND;ONE_PAIR;THREE_OF_A_KIND;ONE_PAIR;FULL_HOUSE;TWO_PAIR;Player;14;0.14%
HIGH_CARD;HIGH_CARD;HIGH_CARD;ONE_PAIR;ONE_PAIR;ONE_PAIR;THREE_OF_A_KIND;TWO_PAIR;Player;7;0.07%
HIGH_CARD;ONE_PAIR;ONE_PAIR;ONE_PAIR;TWO_PAIR;TWO_PAIR;FULL_HOUSE;TWO_PAIR;Player;1;0.01%
HIGH_CARD;HIGH_CARD;TWO_PAIR;HIGH_CARD;TWO_PAIR;STRAIGHT;TWO_PAIR;STRAIGHT;Player;2;0.02%
HIGH_CARD;HIGH_CARD;HIGH_CARD;HIGH_CARD;HIGH_CARD;FLUSH;ONE_PAIR;HIGH_CARD;Player;1;0.01%
HIGH_CARD;HIGH_CARD;HIGH_CARD;ONE_PAIR;HIGH_CARD;ONE_PAIR;FLUSH;THREE_OF_A_KIND;Player;1;0.01%
ONE_PAIR;ONE_PAIR;ONE_PAIR;THREE_OF_A_KIND;ONE_PAIR;THREE_OF_A_KIND;ONE_PAIR;THREE_OF_A_KIND;Player;2;0.02%
HIGH_CARD;HIGH_CARD;HIGH_CARD;ONE_PAIR;HIGH_CARD;ONE_PAIR;STRAIGHT;FLUSH;Player;1;0.01%
HIGH_CARD;HIGH_CARD;TWO_PAIR;HIGH_CARD;FULL_HOUSE;ONE_PAIR;FULL_HOUSE;STRAIGHT;Player;1;0.01%
HIGH_CARD;ONE_PAIR;HIGH_CARD;ONE_PAIR;STRAIGHT;ONE_PAIR;STRAIGHT;TWO_PAIR;Player;2;0.02%
HIGH_CARD;HIGH_CARD;ONE_PAIR;ONE_PAIR;THREE_OF_A_KIND;THREE_OF_A_KIND;THREE_OF_A_KIND;THREE_OF_A_KIND;Draw Game;1;0.01%
HIGH_CARD;HIGH_CARD;TWO_PAIR;FULL_HOUSE;TWO_PAIR;FULL_HOUSE;TWO_PAIR;FULL_HOUSE;Player;2;0.02%
HIGH_CARD;HIGH_CARD;ONE_PAIR;HIGH_CARD;TWO_PAIR;ONE_PAIR;FLUSH;TWO_PAIR;Player;2;0.02%
ONE_PAIR;HIGH_CARD;ONE_PAIR;ONE_PAIR;TWO_PAIR;TWO_PAIR;TWO_PAIR;TWO_PAIR;Player;13;0.13%
HIGH_CARD;HIGH_CARD;HIGH_CARD;HIGH_CARD;ONE_PAIR;HIGH_CARD;ONE_PAIR;HIGH_CARD;Player;161;1.61%
HIGH_CARD;ONE_PAIR;HIGH_CARD;THREE_OF_A_KIND;ONE_PAIR;THREE_OF_A_KIND;ONE_PAIR;THREE_OF_A_KIND;Player;2;0.02%
HIGH_CARD;HIGH_CARD;ONE_PAIR;ONE_PAIR;TWO_PAIR;ONE_PAIR;TWO_PAIR;STRAIGHT;Player;2;0.02%
ONE_PAIR;HIGH_CARD;ONE_PAIR;ONE_PAIR;TWO_PAIR;THREE_OF_A_KIND;TWO_PAIR;THREE_OF_A_KIND;Player;6;0.06%
ONE_PAIR;HIGH_CARD;THREE_OF_A_KIND;HIGH_CARD;THREE_OF_A_KIND;ONE_PAIR;THREE_OF_A_KIND;ONE_PAIR;Player;2;0.02%
HIGH_CARD;ONE_PAIR;TWO_PAIR;ONE_PAIR;FULL_HOUSE;TWO_PAIR;FULL_HOUSE;TWO_PAIR;Player;2;0.02%
HIGH_CARD;HIGH_CARD;ONE_PAIR;ONE_PAIR;ONE_PAIR;ONE_PAIR;FLUSH;ONE_PAIR;Player;13;0.13%
HIGH_CARD;ONE_PAIR;HIGH_CARD;ONE_PAIR;HIGH_CARD;ONE_PAIR;HIGH_CARD;ONE_PAIR;Player;77;0.77%
HIGH_CARD;HIGH_CARD;TWO_PAIR;TWO_PAIR;TWO_PAIR;TWO_PAIR;TWO_PAIR;TWO_PAIR;Draw Game;2;0.02%
HIGH_CARD;ONE_PAIR;ONE_PAIR;ONE_PAIR;ONE_PAIR;ONE_PAIR;ONE_PAIR;STRAIGHT;Player;2;0.02%
HIGH_CARD;HIGH_CARD;ONE_PAIR;STRAIGHT;TWO_PAIR;STRAIGHT;TWO_PAIR;STRAIGHT;Player;2;0.02%
HIGH_CARD;HIGH_CARD;ONE_PAIR;ONE_PAIR;TWO_PAIR;THREE_OF_A_KIND;TWO_PAIR;FULL_HOUSE;Player;6;0.06%
ONE_PAIR;HIGH_CARD;ONE_PAIR;ONE_PAIR;ONE_PAIR;TWO_PAIR;ONE_PAIR;TWO_PAIR;Player;10;0.1%
HIGH_CARD;ONE_PAIR;ONE_PAIR;TWO_PAIR;ONE_PAIR;TWO_PAIR;ONE_PAIR;TWO_PAIR;Player;34;0.34%
HIGH_CARD;HIGH_CARD;THREE_OF_A_KIND;THREE_OF_A_KIND;THREE_OF_A_KIND;FULL_HOUSE;THREE_OF_A_KIND;FULL_HOUSE;Player;3;0.03%
HIGH_CARD;HIGH_CARD;HIGH_CARD;ONE_PAIR;ONE_PAIR;ONE_PAIR;ONE_PAIR;TWO_PAIR;Player;11;0.11%
ONE_PAIR;HIGH_CARD;TWO_PAIR;ONE_PAIR;TWO_PAIR;ONE_PAIR;TWO_PAIR;ONE_PAIR;Player;32;0.32%
HIGH_CARD;HIGH_CARD;STRAIGHT;ONE_PAIR;STRAIGHT;ONE_PAIR;ONE_PAIR;ONE_PAIR;Player;1;0.01%
HIGH_CARD;HIGH_CARD;HIGH_CARD;ONE_PAIR;HIGH_CARD;ONE_PAIR;STRAIGHT;ONE_PAIR;Player;27;0.27%
HIGH_CARD;HIGH_CARD;HIGH_CARD;STRAIGHT;HIGH_CARD;HIGH_CARD;ONE_PAIR;ONE_PAIR;Player;1;0.01%
HIGH_CARD;HIGH_CARD;HIGH_CARD;TWO_PAIR;ONE_PAIR;TWO_PAIR;FLUSH;TWO_PAIR;Player;1;0.01%
HIGH_CARD;HIGH_CARD;HIGH_CARD;ONE_PAIR;STRAIGHT;ONE_PAIR;HIGH_CARD;STRAIGHT;Player;1;0.01%
HIGH_CARD;HIGH_CARD;HIGH_CARD;HIGH_CARD;HIGH_CARD;HIGH_CARD;STRAIGHT;FLUSH;Player;1;0.01%
HIGH_CARD;HIGH_CARD;HIGH_CARD;ONE_PAIR;STRAIGHT;ONE_PAIR;ONE_PAIR;ONE_PAIR;Player;1;0.01%
HIGH_CARD;HIGH_CARD;ONE_PAIR;HIGH_CARD;ONE_PAIR;STRAIGHT;STRAIGHT;ONE_PAIR;Player;1;0.01%
HIGH_CARD;ONE_PAIR;ONE_PAIR;TWO_PAIR;TWO_PAIR;TWO_PAIR;TWO_PAIR;TWO_PAIR;Player;8;0.08%
HIGH_CARD;HIGH_CARD;HIGH_CARD;STRAIGHT;ONE_PAIR;ONE_PAIR;ONE_PAIR;ONE_PAIR;Player;4;0.04%
ONE_PAIR;HIGH_CARD;ONE_PAIR;HIGH_CARD;ONE_PAIR;ONE_PAIR;TWO_PAIR;TWO_PAIR;Player;5;0.05%
HIGH_CARD;ONE_PAIR;ONE_PAIR;ONE_PAIR;TWO_PAIR;TWO_PAIR;TWO_PAIR;TWO_PAIR;Player;11;0.11%
HIGH_CARD;HIGH_CARD;HIGH_CARD;ONE_PAIR;STRAIGHT;ONE_PAIR;STRAIGHT;TWO_PAIR;Player;1;0.01%
HIGH_CARD;HIGH_CARD;HIGH_CARD;HIGH_CARD;ONE_PAIR;FLUSH;THREE_OF_A_KIND;FLUSH;Player;1;0.01%
HIGH_CARD;HIGH_CARD;HIGH_CARD;STRAIGHT;HIGH_CARD;ONE_PAIR;HIGH_CARD;ONE_PAIR;Player;1;0.01%
HIGH_CARD;HIGH_CARD;TWO_PAIR;ONE_PAIR;TWO_PAIR;TWO_PAIR;TWO_PAIR;FULL_HOUSE;Player;1;0.01%
HIGH_CARD;HIGH_CARD;ONE_PAIR;HIGH_CARD;ONE_PAIR;HIGH_CARD;THREE_OF_A_KIND;ONE_PAIR;Player;53;0.53%
HIGH_CARD;ONE_PAIR;TWO_PAIR;ONE_PAIR;TWO_PAIR;ONE_PAIR;TWO_PAIR;ONE_PAIR;Player;3;0.03%
HIGH_CARD;ONE_PAIR;THREE_OF_A_KIND;FULL_HOUSE;THREE_OF_A_KIND;FULL_HOUSE;FOUR_OF_A_KIND;FOUR_OF_A_KIND;Player;1;0.01%
ONE_PAIR;HIGH_CARD;ONE_PAIR;HIGH_CARD;ONE_PAIR;STRAIGHT;TWO_PAIR;ONE_PAIR;Player;1;0.01%
ONE_PAIR;HIGH_CARD;ONE_PAIR;ONE_PAIR;ONE_PAIR;ONE_PAIR;ONE_PAIR;STRAIGHT;Player;1;0.01%
HIGH_CARD;HIGH_CARD;ONE_PAIR;HIGH_CARD;ONE_PAIR;HIGH_CARD;FLUSH;ONE_PAIR;Player;4;0.04%
HIGH_CARD;ONE_PAIR;ONE_PAIR;THREE_OF_A_KIND;ONE_PAIR;THREE_OF_A_KIND;ONE_PAIR;THREE_OF_A_KIND;Player;11;0.11%
HIGH_CARD;ONE_PAIR;ONE_PAIR;TWO_PAIR;THREE_OF_A_KIND;FULL_HOUSE;THREE_OF_A_KIND;FULL_HOUSE;Player;4;0.04%
HIGH_CARD;HIGH_CARD;ONE_PAIR;THREE_OF_A_KIND;ONE_PAIR;THREE_OF_A_KIND;STRAIGHT;THREE_OF_A_KIND;Player;1;0.01%
HIGH_CARD;HIGH_CARD;HIGH_CARD;HIGH_CARD;STRAIGHT;ONE_PAIR;STRAIGHT;ONE_PAIR;Player;5;0.05%
HIGH_CARD;HIGH_CARD;TWO_PAIR;THREE_OF_A_KIND;TWO_PAIR;THREE_OF_A_KIND;TWO_PAIR;FULL_HOUSE;Player;1;0.01%
HIGH_CARD;HIGH_CARD;HIGH_CARD;STRAIGHT;STRAIGHT;ONE_PAIR;STRAIGHT;ONE_PAIR;Player;1;0.01%
HIGH_CARD;ONE_PAIR;HIGH_CARD;ONE_PAIR;HIGH_CARD;ONE_PAIR;FLUSH;ONE_PAIR;Player;2;0.02%
HIGH_CARD;HIGH_CARD;HIGH_CARD;HIGH_CARD;HIGH_CARD;ONE_PAIR;FLUSH;ONE_PAIR;Player;5;0.05%
HIGH_CARD;HIGH_CARD;HIGH_CARD;HIGH_CARD;ONE_PAIR;STRAIGHT;TWO_PAIR;ONE_PAIR;Player;1;0.01%
HIGH_CARD;HIGH_CARD;ONE_PAIR;ONE_PAIR;THREE_OF_A_KIND;THREE_OF_A_KIND;THREE_OF_A_KIND;THREE_OF_A_KIND;Player;29;0.29%
HIGH_CARD;ONE_PAIR;ONE_PAIR;TWO_PAIR;ONE_PAIR;TWO_PAIR;STRAIGHT;TWO_PAIR;Player;1;0.01%
HIGH_CARD;HIGH_CARD;HIGH_CARD;HIGH_CARD;STRAIGHT;ONE_PAIR;STRAIGHT;THREE_OF_A_KIND;Player;1;0.01%
ONE_PAIR;HIGH_CARD;ONE_PAIR;ONE_PAIR;THREE_OF_A_KIND;TWO_PAIR;THREE_OF_A_KIND;TWO_PAIR;Player;1;0.01%
HIGH_CARD;HIGH_CARD;HIGH_CARD;ONE_PAIR;HIGH_CARD;FLUSH;HIGH_CARD;ONE_PAIR;Player;2;0.02%
HIGH_CARD;HIGH_CARD;TWO_PAIR;ONE_PAIR;FULL_HOUSE;THREE_OF_A_KIND;FULL_HOUSE;FULL_HOUSE;Player;1;0.01%
HIGH_CARD;HIGH_CARD;HIGH_CARD;ONE_PAIR;FLUSH;ONE_PAIR;FLUSH;STRAIGHT;Player;2;0.02%
HIGH_CARD;ONE_PAIR;TWO_PAIR;ONE_PAIR;TWO_PAIR;TWO_PAIR;TWO_PAIR;TWO_PAIR;Player;1;0.01%
ONE_PAIR;HIGH_CARD;TWO_PAIR;TWO_PAIR;TWO_PAIR;TWO_PAIR;FULL_HOUSE;FULL_HOUSE;Player;1;0.01%
HIGH_CARD;HIGH_CARD;ONE_PAIR;HIGH_CARD;ONE_PAIR;HIGH_CARD;FLUSH;HIGH_CARD;Player;5;0.05%
ONE_PAIR;HIGH_CARD;ONE_PAIR;TWO_PAIR;ONE_PAIR;TWO_PAIR;TWO_PAIR;TWO_PAIR;Player;2;0.02%
ONE_PAIR;HIGH_CARD;ONE_PAIR;HIGH_CARD;ONE_PAIR;STRAIGHT;ONE_PAIR;HIGH_CARD;Player;3;0.03%
HIGH_CARD;HIGH_CARD;ONE_PAIR;TWO_PAIR;ONE_PAIR;TWO_PAIR;THREE_OF_A_KIND;TWO_PAIR;Player;1;0.01%
ONE_PAIR;HIGH_CARD;ONE_PAIR;HIGH_CARD;ONE_PAIR;STRAIGHT;STRAIGHT;ONE_PAIR;Player;1;0.01%
HIGH_CARD;HIGH_CARD;ONE_PAIR;TWO_PAIR;TWO_PAIR;FULL_HOUSE;FLUSH;FULL_HOUSE;Player;2;0.02%
HIGH_CARD;HIGH_CARD;FULL_HOUSE;ONE_PAIR;THREE_OF_A_KIND;TWO_PAIR;THREE_OF_A_KIND;TWO_PAIR;Player;1;0.01%
HIGH_CARD;HIGH_CARD;ONE_PAIR;TWO_PAIR;ONE_PAIR;TWO_PAIR;FLUSH;TWO_PAIR;Player;1;0.01%
HIGH_CARD;HIGH_CARD;HIGH_CARD;HIGH_CARD;FLUSH;ONE_PAIR;HIGH_CARD;FLUSH;Player;1;0.01%
ONE_PAIR;HIGH_CARD;ONE_PAIR;HIGH_CARD;THREE_OF_A_KIND;HIGH_CARD;THREE_OF_A_KIND;FLUSH;Player;2;0.02%
ONE_PAIR;HIGH_CARD;ONE_PAIR;ONE_PAIR;ONE_PAIR;ONE_PAIR;THREE_OF_A_KIND;ONE_PAIR;Player;3;0.03%
HIGH_CARD;HIGH_CARD;FLUSH;HIGH_CARD;FLUSH;HIGH_CARD;HIGH_CARD;HIGH_CARD;Player;1;0.01%
HIGH_CARD;HIGH_CARD;ONE_PAIR;HIGH_CARD;ONE_PAIR;HIGH_CARD;ONE_PAIR;STRAIGHT;Player;37;0.37%
HIGH_CARD;ONE_PAIR;HIGH_CARD;ONE_PAIR;HIGH_CARD;ONE_PAIR;ONE_PAIR;TWO_PAIR;Player;42;0.42%
HIGH_CARD;HIGH_CARD;ONE_PAIR;HIGH_CARD;ONE_PAIR;HIGH_CARD;ONE_PAIR;ONE_PAIR;Player;103;1.03%
HIGH_CARD;HIGH_CARD;HIGH_CARD;ONE_PAIR;HIGH_CARD;FLUSH;HIGH_CARD;FLUSH;Player;2;0.02%
ONE_PAIR;HIGH_CARD;ONE_PAIR;HIGH_CARD;TWO_PAIR;ONE_PAIR;TWO_PAIR;ONE_PAIR;Player;26;0.26%
ONE_PAIR;HIGH_CARD;ONE_PAIR;ONE_PAIR;TWO_PAIR;THREE_OF_A_KIND;FULL_HOUSE;FOUR_OF_A_KIND;Player;1;0.01%
HIGH_CARD;HIGH_CARD;ONE_PAIR;ONE_PAIR;ONE_PAIR;ONE_PAIR;ONE_PAIR;STRAIGHT;Player;7;0.07%
HIGH_CARD;HIGH_CARD;HIGH_CARD;TWO_PAIR;HIGH_CARD;TWO_PAIR;FLUSH;TWO_PAIR;Player;2;0.02%
ONE_PAIR;HIGH_CARD;ONE_PAIR;TWO_PAIR;ONE_PAIR;TWO_PAIR;THREE_OF_A_KIND;TWO_PAIR;Player;1;0.01%
HIGH_CARD;HIGH_CARD;ONE_PAIR;HIGH_CARD;TWO_PAIR;ONE_PAIR;FULL_HOUSE;THREE_OF_A_KIND;Player;11;0.11%
HIGH_CARD;HIGH_CARD;HIGH_CARD;ONE_PAIR;HIGH_CARD;ONE_PAIR;STRAIGHT;STRAIGHT;Player;1;0.01%
HIGH_CARD;HIGH_CARD;TWO_PAIR;THREE_OF_A_KIND;TWO_PAIR;FULL_HOUSE;TWO_PAIR;FULL_HOUSE;Player;3;0.03%
HIGH_CARD;ONE_PAIR;ONE_PAIR;TWO_PAIR;ONE_PAIR;TWO_PAIR;TWO_PAIR;TWO_PAIR;Player;12;0.12%
ONE_PAIR;HIGH_CARD;THREE_OF_A_KIND;TWO_PAIR;THREE_OF_A_KIND;TWO_PAIR;THREE_OF_A_KIND;TWO_PAIR;Player;1;0.01%
ONE_PAIR;HIGH_CARD;FULL_HOUSE;THREE_OF_A_KIND;FULL_HOUSE;FULL_HOUSE;FULL_HOUSE;FULL_HOUSE;Player;1;0.01%
HIGH_CARD;HIGH_CARD;HIGH_CARD;HIGH_CARD;FLUSH;HIGH_CARD;ONE_PAIR;ONE_PAIR;Player;1;0.01%
HIGH_CARD;HIGH_CARD;ONE_PAIR;HIGH_CARD;TWO_PAIR;ONE_PAIR;TWO_PAIR;ONE_PAIR;Player;153;1.53%
HIGH_CARD;HIGH_CARD;TWO_PAIR;TWO_PAIR;FULL_HOUSE;FULL_HOUSE;FULL_HOUSE;FULL_HOUSE;Player;2;0.02%
HIGH_CARD;ONE_PAIR;ONE_PAIR;TWO_PAIR;TWO_PAIR;TWO_PAIR;FULL_HOUSE;TWO_PAIR;Player;1;0.01%
HIGH_CARD;HIGH_CARD;HIGH_CARD;HIGH_CARD;HIGH_CARD;HIGH_CARD;STRAIGHT;STRAIGHT;Player;11;0.11%
HIGH_CARD;HIGH_CARD;HIGH_CARD;ONE_PAIR;ONE_PAIR;ONE_PAIR;FLUSH;ONE_PAIR;Player;1;0.01%
HIGH_CARD;HIGH_CARD;ONE_PAIR;FLUSH;TWO_PAIR;FLUSH;TWO_PAIR;FLUSH;Player;3;0.03%
HIGH_CARD;HIGH_CARD;HIGH_CARD;HIGH_CARD;FLUSH;ONE_PAIR;FLUSH;TWO_PAIR;Player;1;0.01%
ONE_PAIR;HIGH_CARD;ONE_PAIR;ONE_PAIR;ONE_PAIR;ONE_PAIR;ONE_PAIR;ONE_PAIR;Player;55;0.55%
ONE_PAIR;HIGH_CARD;ONE_PAIR;HIGH_CARD;ONE_PAIR;ONE_PAIR;FLUSH;ONE_PAIR;Player;1;0.01%
HIGH_CARD;HIGH_CARD;HIGH_CARD;ONE_PAIR;ONE_PAIR;ONE_PAIR;TWO_PAIR;FLUSH;Player;1;0.01%
HIGH_CARD;ONE_PAIR;ONE_PAIR;ONE_PAIR;TWO_PAIR;ONE_PAIR;TWO_PAIR;ONE_PAIR;Player;5;0.05%
ONE_PAIR;HIGH_CARD;ONE_PAIR;HIGH_CARD;ONE_PAIR;HIGH_CARD;ONE_PAIR;HIGH_CARD;Player;69;0.69%
HIGH_CARD;HIGH_CARD;HIGH_CARD;HIGH_CARD;ONE_PAIR;ONE_PAIR;FLUSH;TWO_PAIR;Player;1;0.01%
HIGH_CARD;HIGH_CARD;HIGH_CARD;FLUSH;HIGH_CARD;FLUSH;ONE_PAIR;ONE_PAIR;Player;1;0.01%
HIGH_CARD;ONE_PAIR;ONE_PAIR;TWO_PAIR;ONE_PAIR;FULL_HOUSE;ONE_PAIR;FULL_HOUSE;Player;1;0.01%
HIGH_CARD;HIGH_CARD;ONE_PAIR;ONE_PAIR;THREE_OF_A_KIND;TWO_PAIR;FULL_HOUSE;TWO_PAIR;Player;1;0.01%
HIGH_CARD;HIGH_CARD;HIGH_CARD;HIGH_CARD;ONE_PAIR;HIGH_CARD;THREE_OF_A_KIND;ONE_PAIR;Player;21;0.21%
ONE_PAIR;HIGH_CARD;ONE_PAIR;HIGH_CARD;TWO_PAIR;ONE_PAIR;FULL_HOUSE;THREE_OF_A_KIND;Player;3;0.03%
HIGH_CARD;ONE_PAIR;HIGH_CARD;THREE_OF_A_KIND;ONE_PAIR;FOUR_OF_A_KIND;STRAIGHT;FOUR_OF_A_KIND;Player;1;0.01%
HIGH_CARD;ONE_PAIR;ONE_PAIR;FOUR_OF_A_KIND;TWO_PAIR;FOUR_OF_A_KIND;TWO_PAIR;FOUR_OF_A_KIND;Player;2;0.02%
HIGH_CARD;HIGH_CARD;HIGH_CARD;STRAIGHT;ONE_PAIR;ONE_PAIR;ONE_PAIR;STRAIGHT;Player;1;0.01%
HIGH_CARD;HIGH_CARD;THREE_OF_A_KIND;THREE_OF_A_KIND;THREE_OF_A_KIND;THREE_OF_A_KIND;FLUSH;THREE_OF_A_KIND;Player;1;0.01%
HIGH_CARD;HIGH_CARD;HIGH_CARD;ONE_PAIR;ONE_PAIR;TWO_PAIR;TWO_PAIR;FULL_HOUSE;Player;15;0.15%
ONE_PAIR;HIGH_CARD;TWO_PAIR;ONE_PAIR;TWO_PAIR;TWO_PAIR;TWO_PAIR;TWO_PAIR;Player;11;0.11%
HIGH_CARD;HIGH_CARD;HIGH_CARD;ONE_PAIR;HIGH_CARD;TWO_PAIR;STRAIGHT;TWO_PAIR;Player;3;0.03%
HIGH_CARD;ONE_PAIR;ONE_PAIR;ONE_PAIR;ONE_PAIR;ONE_PAIR;ONE_PAIR;ONE_PAIR;Player;61;0.61%
HIGH_CARD;HIGH_CARD;FULL_HOUSE;ONE_PAIR;FULL_HOUSE;ONE_PAIR;FULL_HOUSE;TWO_PAIR;Player;2;0.02%
HIGH_CARD;HIGH_CARD;HIGH_CARD;ONE_PAIR;HIGH_CARD;FLUSH;ONE_PAIR;FLUSH;Player;2;0.02%
HIGH_CARD;HIGH_CARD;ONE_PAIR;HIGH_CARD;FLUSH;HIGH_CARD;FLUSH;ONE_PAIR;Player;2;0.02%
HIGH_CARD;HIGH_CARD;STRAIGHT;HIGH_CARD;HIGH_CARD;HIGH_CARD;HIGH_CARD;ONE_PAIR;Player;1;0.01%
HIGH_CARD;HIGH_CARD;ONE_PAIR;STRAIGHT;ONE_PAIR;STRAIGHT;ONE_PAIR;HIGH_CARD;Player;1;0.01%
HIGH_CARD;ONE_PAIR;TWO_PAIR;TWO_PAIR;TWO_PAIR;TWO_PAIR;TWO_PAIR;TWO_PAIR;Player;7;0.07%
ONE_PAIR;HIGH_CARD;TWO_PAIR;THREE_OF_A_KIND;TWO_PAIR;THREE_OF_A_KIND;TWO_PAIR;THREE_OF_A_KIND;Player;5;0.05%
HIGH_CARD;HIGH_CARD;THREE_OF_A_KIND;ONE_PAIR;FULL_HOUSE;ONE_PAIR;FULL_HOUSE;ONE_PAIR;Player;3;0.03%
HIGH_CARD;HIGH_CARD;THREE_OF_A_KIND;FULL_HOUSE;THREE_OF_A_KIND;FULL_HOUSE;THREE_OF_A_KIND;FULL_HOUSE;Player;1;0.01%
HIGH_CARD;HIGH_CARD;ONE_PAIR;ONE_PAIR;ONE_PAIR;FLUSH;TWO_PAIR;FLUSH;Player;2;0.02%
HIGH_CARD;HIGH_CARD;HIGH_CARD;HIGH_CARD;HIGH_CARD;STRAIGHT;FLUSH;STRAIGHT;Player;1;0.01%
HIGH_CARD;ONE_PAIR;ONE_PAIR;TWO_PAIR;ONE_PAIR;TWO_PAIR;ONE_PAIR;FULL_HOUSE;Player;1;0.01%
HIGH_CARD;HIGH_CARD;FLUSH;HIGH_CARD;FLUSH;ONE_PAIR;FLUSH;TWO_PAIR;Player;2;0.02%
HIGH_CARD;HIGH_CARD;STRAIGHT;HIGH_CARD;STRAIGHT;ONE_PAIR;TWO_PAIR;TWO_PAIR;Player;1;0.01%
HIGH_CARD;HIGH_CARD;THREE_OF_A_KIND;TWO_PAIR;THREE_OF_A_KIND;TWO_PAIR;FULL_HOUSE;TWO_PAIR;Player;2;0.02%
HIGH_CARD;HIGH_CARD;ONE_PAIR;FLUSH;ONE_PAIR;HIGH_CARD;TWO_PAIR;ONE_PAIR;Player;1;0.01%
ONE_PAIR;HIGH_CARD;ONE_PAIR;ONE_PAIR;THREE_OF_A_KIND;ONE_PAIR;THREE_OF_A_KIND;ONE_PAIR;Player;3;0.03%
HIGH_CARD;HIGH_CARD;ONE_PAIR;HIGH_CARD;ONE_PAIR;ONE_PAIR;THREE_OF_A_KIND;TWO_PAIR;Player;12;0.12%
HIGH_CARD;HIGH_CARD;HIGH_CARD;HIGH_CARD;ONE_PAIR;ONE_PAIR;STRAIGHT;STRAIGHT;Draw Game;1;0.01%
HIGH_CARD;HIGH_CARD;ONE_PAIR;HIGH_CARD;ONE_PAIR;STRAIGHT;TWO_PAIR;FLUSH;Player;1;0.01%
HIGH_CARD;HIGH_CARD;HIGH_CARD;HIGH_CARD;FLUSH;ONE_PAIR;ONE_PAIR;FLUSH;Player;1;0.01%
HIGH_CARD;HIGH_CARD;ONE_PAIR;TWO_PAIR;ONE_PAIR;TWO_PAIR;ONE_PAIR;TWO_PAIR;Player;101;1.01%
HIGH_CARD;HIGH_CARD;HIGH_CARD;HIGH_CARD;ONE_PAIR;ONE_PAIR;ONE_PAIR;ONE_PAIR;Draw Game;5;0.05%
ONE_PAIR;ONE_PAIR;FULL_HOUSE;TWO_PAIR;FULL_HOUSE;TWO_PAIR;FULL_HOUSE;TWO_PAIR;Player;1;0.01%
ONE_PAIR;ONE_PAIR;THREE_OF_A_KIND;ONE_PAIR;FULL_HOUSE;TWO_PAIR;FULL_HOUSE;TWO_PAIR;Player;1;0.01%
HIGH_CARD;HIGH_CARD;ONE_PAIR;TWO_PAIR;TWO_PAIR;TWO_PAIR;TWO_PAIR;TWO_PAIR;Player;23;0.23%
HIGH_CARD;HIGH_CARD;ONE_PAIR;HIGH_CARD;ONE_PAIR;ONE_PAIR;ONE_PAIR;STRAIGHT;Player;5;0.05%
HIGH_CARD;HIGH_CARD;TWO_PAIR;ONE_PAIR;FULL_HOUSE;THREE_OF_A_KIND;FULL_HOUSE;THREE_OF_A_KIND;Player;5;0.05%
HIGH_CARD;HIGH_CARD;HIGH_CARD;ONE_PAIR;HIGH_CARD;TWO_PAIR;FLUSH;FLUSH;Player;1;0.01%
HIGH_CARD;HIGH_CARD;ONE_PAIR;ONE_PAIR;ONE_PAIR;TWO_PAIR;ONE_PAIR;TWO_PAIR;Player;101;1.01%
HIGH_CARD;ONE_PAIR;HIGH_CARD;ONE_PAIR;HIGH_CARD;ONE_PAIR;HIGH_CARD;STRAIGHT;Player;1;0.01%
HIGH_CARD;HIGH_CARD;ONE_PAIR;ONE_PAIR;TWO_PAIR;TWO_PAIR;TWO_PAIR;TWO_PAIR;Player;115;1.15%
HIGH_CARD;HIGH_CARD;TWO_PAIR;TWO_PAIR;TWO_PAIR;TWO_PAIR;FULL_HOUSE;FULL_HOUSE;Player;2;0.02%
HIGH_CARD;ONE_PAIR;ONE_PAIR;ONE_PAIR;ONE_PAIR;ONE_PAIR;ONE_PAIR;FLUSH;Player;1;0.01%
HIGH_CARD;HIGH_CARD;ONE_PAIR;HIGH_CARD;ONE_PAIR;FLUSH;TWO_PAIR;FLUSH;Player;5;0.05%
ONE_PAIR;HIGH_CARD;TWO_PAIR;ONE_PAIR;FULL_HOUSE;ONE_PAIR;FULL_HOUSE;ONE_PAIR;Player;1;0.01%
HIGH_CARD;HIGH_CARD;HIGH_CARD;HIGH_CARD;HIGH_CARD;FLUSH;FLUSH;ONE_PAIR;Player;3;0.03%
HIGH_CARD;HIGH_CARD;FLUSH;HIGH_CARD;FLUSH;ONE_PAIR;FLUSH;ONE_PAIR;Player;1;0.01%
HIGH_CARD;HIGH_CARD;HIGH_CARD;ONE_PAIR;HIGH_CARD;ONE_PAIR;ONE_PAIR;TWO_PAIR;Player;187;1.87%
HIGH_CARD;HIGH_CARD;ONE_PAIR;HIGH_CARD;ONE_PAIR;HIGH_CARD;TWO_PAIR;FLUSH;Player;7;0.07%
ONE_PAIR;HIGH_CARD;ONE_PAIR;ONE_PAIR;TWO_PAIR;TWO_PAIR;FULL_HOUSE;FULL_HOUSE;Player;1;0.01%
HIGH_CARD;HIGH_CARD;HIGH_CARD;TWO_PAIR;HIGH_CARD;TWO_PAIR;HIGH_CARD;TWO_PAIR;Player;46;0.46%
HIGH_CARD;HIGH_CARD;HIGH_CARD;HIGH_CARD;HIGH_CARD;ONE_PAIR;ONE_PAIR;ONE_PAIR;Player;32;0.32%
HIGH_CARD;HIGH_CARD;TWO_PAIR;HIGH_CARD;TWO_PAIR;ONE_PAIR;TWO_PAIR;TWO_PAIR;Player;2;0.02%
ONE_PAIR;HIGH_CARD;TWO_PAIR;ONE_PAIR;TWO_PAIR;ONE_PAIR;FULL_HOUSE;FLUSH;Player;1;0.01%
HIGH_CARD;HIGH_CARD;HIGH_CARD;HIGH_CARD;HIGH_CARD;FLUSH;FLUSH;HIGH_CARD;Player;4;0.04%
HIGH_CARD;HIGH_CARD;HIGH_CARD;FLUSH;HIGH_CARD;HIGH_CARD;ONE_PAIR;ONE_PAIR;Player;1;0.01%
HIGH_CARD;HIGH_CARD;TWO_PAIR;HIGH_CARD;TWO_PAIR;HIGH_CARD;FULL_HOUSE;ONE_PAIR;Player;12;0.12%
HIGH_CARD;HIGH_CARD;ONE_PAIR;ONE_PAIR;ONE_PAIR;TWO_PAIR;THREE_OF_A_KIND;TWO_PAIR;Player;2;0.02%
HIGH_CARD;HIGH_CARD;HIGH_CARD;HIGH_CARD;FLUSH;ONE_PAIR;FLUSH;ONE_PAIR;Player;1;0.01%
ONE_PAIR;HIGH_CARD;THREE_OF_A_KIND;ONE_PAIR;THREE_OF_A_KIND;TWO_PAIR;THREE_OF_A_KIND;TWO_PAIR;Player;3;0.03%
HIGH_CARD;HIGH_CARD;HIGH_CARD;HIGH_CARD;STRAIGHT;HIGH_CARD;HIGH_CARD;STRAIGHT;Player;1;0.01%
HIGH_CARD;HIGH_CARD;FLUSH;HIGH_CARD;FLUSH;HIGH_CARD;FLUSH;HIGH_CARD;Player;1;0.01%
HIGH_CARD;HIGH_CARD;HIGH_CARD;FLUSH;HIGH_CARD;FLUSH;HIGH_CARD;FLUSH;Player;3;0.03%
HIGH_CARD;HIGH_CARD;HIGH_CARD;HIGH_CARD;HIGH_CARD;HIGH_CARD;HIGH_CARD;STRAIGHT_FLUSH;Player;1;0.01%
HIGH_CARD;HIGH_CARD;ONE_PAIR;ONE_PAIR;TWO_PAIR;THREE_OF_A_KIND;TWO_PAIR;THREE_OF_A_KIND;Player;12;0.12%
HIGH_CARD;HIGH_CARD;HIGH_CARD;HIGH_CARD;ONE_PAIR;STRAIGHT;ONE_PAIR;ONE_PAIR;Player;2;0.02%
HIGH_CARD;HIGH_CARD;ONE_PAIR;HIGH_CARD;THREE_OF_A_KIND;ONE_PAIR;FULL_HOUSE;ONE_PAIR;Player;1;0.01%
ONE_PAIR;HIGH_CARD;ONE_PAIR;ONE_PAIR;ONE_PAIR;ONE_PAIR;STRAIGHT;ONE_PAIR;Player;1;0.01%
HIGH_CARD;ONE_PAIR;HIGH_CARD;ONE_PAIR;ONE_PAIR;TWO_PAIR;ONE_PAIR;TWO_PAIR;Player;39;0.39%
HIGH_CARD;HIGH_CARD;TWO_PAIR;HIGH_CARD;TWO_PAIR;HIGH_CARD;TWO_PAIR;STRAIGHT;Player;5;0.05%
HIGH_CARD;HIGH_CARD;ONE_PAIR;ONE_PAIR;ONE_PAIR;ONE_PAIR;FLUSH;FLUSH;Player;4;0.04%
HIGH_CARD;HIGH_CARD;TWO_PAIR;ONE_PAIR;FULL_HOUSE;TWO_PAIR;FOUR_OF_A_KIND;FULL_HOUSE;Player;1;0.01%
HIGH_CARD;HIGH_CARD;HIGH_CARD;HIGH_CARD;HIGH_CARD;HIGH_CARD;HIGH_CARD;ONE_PAIR;Player;152;1.52%
ONE_PAIR;HIGH_CARD;ONE_PAIR;ONE_PAIR;THREE_OF_A_KIND;ONE_PAIR;FULL_HOUSE;THREE_OF_A_KIND;Player;1;0.01%
HIGH_CARD;HIGH_CARD;ONE_PAIR;HIGH_CARD;THREE_OF_A_KIND;ONE_PAIR;THREE_OF_A_KIND;TWO_PAIR;Player;4;0.04%
HIGH_CARD;HIGH_CARD;TWO_PAIR;THREE_OF_A_KIND;TWO_PAIR;THREE_OF_A_KIND;TWO_PAIR;THREE_OF_A_KIND;Player;13;0.13%
HIGH_CARD;HIGH_CARD;HIGH_CARD;FLUSH;HIGH_CARD;FLUSH;HIGH_CARD;HIGH_CARD;Player;1;0.01%
HIGH_CARD;ONE_PAIR;HIGH_CARD;THREE_OF_A_KIND;HIGH_CARD;THREE_OF_A_KIND;ONE_PAIR;THREE_OF_A_KIND;Player;4;0.04%
HIGH_CARD;HIGH_CARD;STRAIGHT;TWO_PAIR;STRAIGHT;TWO_PAIR;STRAIGHT;FULL_HOUSE;Player;2;0.02%
HIGH_CARD;HIGH_CARD;ONE_PAIR;HIGH_CARD;ONE_PAIR;HIGH_CARD;STRAIGHT;HIGH_CARD;Player;1;0.01%
HIGH_CARD;HIGH_CARD;HIGH_CARD;ONE_PAIR;ONE_PAIR;ONE_PAIR;TWO_PAIR;ONE_PAIR;Player;10;0.1%
HIGH_CARD;ONE_PAIR;HIGH_CARD;ONE_PAIR;ONE_PAIR;ONE_PAIR;ONE_PAIR;THREE_OF_A_KIND;Player;3;0.03%
HIGH_CARD;HIGH_CARD;HIGH_CARD;TWO_PAIR;STRAIGHT;TWO_PAIR;ONE_PAIR;TWO_PAIR;Player;1;0.01%
HIGH_CARD;HIGH_CARD;FULL_HOUSE;ONE_PAIR;FULL_HOUSE;ONE_PAIR;FULL_HOUSE;ONE_PAIR;Player;3;0.03%
HIGH_CARD;HIGH_CARD;HIGH_CARD;HIGH_CARD;ONE_PAIR;ONE_PAIR;STRAIGHT;TWO_PAIR;Player;1;0.01%
HIGH_CARD;HIGH_CARD;HIGH_CARD;HIGH_CARD;ONE_PAIR;ONE_PAIR;STRAIGHT;FLUSH;Player;1;0.01%
HIGH_CARD;HIGH_CARD;STRAIGHT;ONE_PAIR;HIGH_CARD;ONE_PAIR;HIGH_CARD;ONE_PAIR;Player;2;0.02%
HIGH_CARD;HIGH_CARD;ONE_PAIR;ONE_PAIR;ONE_PAIR;ONE_PAIR;STRAIGHT;ONE_PAIR;Player;10;0.1%
HIGH_CARD;HIGH_CARD;THREE_OF_A_KIND;THREE_OF_A_KIND;FULL_HOUSE;THREE_OF_A_KIND;FULL_HOUSE;FULL_HOUSE;Player;2;0.02%
HIGH_CARD;HIGH_CARD;ONE_PAIR;THREE_OF_A_KIND;ONE_PAIR;THREE_OF_A_KIND;TWO_PAIR;FULL_HOUSE;Player;3;0.03%
HIGH_CARD;ONE_PAIR;ONE_PAIR;THREE_OF_A_KIND;ONE_PAIR;THREE_OF_A_KIND;TWO_PAIR;FOUR_OF_A_KIND;Player;1;0.01%
ONE_PAIR;HIGH_CARD;ONE_PAIR;ONE_PAIR;ONE_PAIR;ONE_PAIR;FLUSH;FLUSH;Player;1;0.01%
HIGH_CARD;HIGH_CARD;HIGH_CARD;ONE_PAIR;ONE_PAIR;TWO_PAIR;THREE_OF_A_KIND;FULL_HOUSE;Player;11;0.11%
HIGH_CARD;ONE_PAIR;HIGH_CARD;ONE_PAIR;HIGH_CARD;ONE_PAIR;HIGH_CARD;THREE_OF_A_KIND;Player;5;0.05%
HIGH_CARD;HIGH_CARD;ONE_PAIR;ONE_PAIR;ONE_PAIR;ONE_PAIR;STRAIGHT;TWO_PAIR;Player;2;0.02%
ONE_PAIR;HIGH_CARD;ONE_PAIR;HIGH_CARD;ONE_PAIR;HIGH_CARD;TWO_PAIR;ONE_PAIR;Player;47;0.47%
HIGH_CARD;HIGH_CARD;ONE_PAIR;THREE_OF_A_KIND;TWO_PAIR;THREE_OF_A_KIND;TWO_PAIR;FULL_HOUSE;Player;1;0.01%
HIGH_CARD;HIGH_CARD;ONE_PAIR;ONE_PAIR;TWO_PAIR;ONE_PAIR;FLUSH;TWO_PAIR;Player;1;0.01%
HIGH_CARD;HIGH_CARD;ONE_PAIR;ONE_PAIR;ONE_PAIR;ONE_PAIR;TWO_PAIR;FLUSH;Player;3;0.03%
ONE_PAIR;HIGH_CARD;ONE_PAIR;TWO_PAIR;ONE_PAIR;TWO_PAIR;FLUSH;TWO_PAIR;Player;1;0.01%
HIGH_CARD;HIGH_CARD;ONE_PAIR;ONE_PAIR;ONE_PAIR;ONE_PAIR;TWO_PAIR;THREE_OF_A_KIND;Player;22;0.22%
ONE_PAIR;HIGH_CARD;TWO_PAIR;TWO_PAIR;TWO_PAIR;TWO_PAIR;FULL_HOUSE;TWO_PAIR;Player;2;0.02%
HIGH_CARD;HIGH_CARD;HIGH_CARD;STRAIGHT;HIGH_CARD;STRAIGHT;FLUSH;FLUSH;Player;1;0.01%
HIGH_CARD;HIGH_CARD;ONE_PAIR;ONE_PAIR;ONE_PAIR;ONE_PAIR;TWO_PAIR;TWO_PAIR;Player;166;1.66%
HIGH_CARD;HIGH_CARD;HIGH_CARD;ONE_PAIR;FLUSH;TWO_PAIR;FLUSH;TWO_PAIR;Player;1;0.01%
ONE_PAIR;HIGH_CARD;ONE_PAIR;HIGH_CARD;ONE_PAIR;HIGH_CARD;TWO_PAIR;FLUSH;Player;1;0.01%
ONE_PAIR;HIGH_CARD;TWO_PAIR;THREE_OF_A_KIND;TWO_PAIR;FULL_HOUSE;TWO_PAIR;FULL_HOUSE;Player;2;0.02%
HIGH_CARD;HIGH_CARD;HIGH_CARD;HIGH_CARD;HIGH_CARD;HIGH_CARD;FLUSH;FLUSH;Player;7;0.07%
ONE_PAIR;HIGH_CARD;ONE_PAIR;HIGH_CARD;TWO_PAIR;ONE_PAIR;FLUSH;TWO_PAIR;Player;1;0.01%
HIGH_CARD;HIGH_CARD;ONE_PAIR;STRAIGHT;ONE_PAIR;STRAIGHT;TWO_PAIR;ONE_PAIR;Player;1;0.01%
ONE_PAIR;HIGH_CARD;ONE_PAIR;HIGH_CARD;TWO_PAIR;ONE_PAIR;TWO_PAIR;TWO_PAIR;Player;16;0.16%
HIGH_CARD;HIGH_CARD;TWO_PAIR;HIGH_CARD;TWO_PAIR;HIGH_CARD;TWO_PAIR;FLUSH;Player;3;0.03%
HIGH_CARD;HIGH_CARD;ONE_PAIR;HIGH_CARD;ONE_PAIR;STRAIGHT;TWO_PAIR;ONE_PAIR;Player;1;0.01%
ONE_PAIR;HIGH_CARD;ONE_PAIR;ONE_PAIR;ONE_PAIR;ONE_PAIR;TWO_PAIR;TWO_PAIR;Player;22;0.22%
ONE_PAIR;ONE_PAIR;ONE_PAIR;THREE_OF_A_KIND;ONE_PAIR;THREE_OF_A_KIND;FLUSH;THREE_OF_A_KIND;Player;1;0.01%
HIGH_CARD;HIGH_CARD;HIGH_CARD;HIGH_CARD;STRAIGHT;ONE_PAIR;ONE_PAIR;ONE_PAIR;Player;1;0.01%
HIGH_CARD;ONE_PAIR;HIGH_CARD;ONE_PAIR;ONE_PAIR;ONE_PAIR;ONE_PAIR;STRAIGHT;Player;1;0.01%
ONE_PAIR;HIGH_CARD;TWO_PAIR;THREE_OF_A_KIND;TWO_PAIR;THREE_OF_A_KIND;TWO_PAIR;FULL_HOUSE;Player;3;0.03%
HIGH_CARD;HIGH_CARD;HIGH_CARD;HIGH_CARD;ONE_PAIR;STRAIGHT;TWO_PAIR;STRAIGHT;Player;1;0.01%
HIGH_CARD;HIGH_CARD;ONE_PAIR;TWO_PAIR;THREE_OF_A_KIND;FULL_HOUSE;THREE_OF_A_KIND;FULL_HOUSE;Player;3;0.03%
HIGH_CARD;HIGH_CARD;HIGH_CARD;ONE_PAIR;HIGH_CARD;TWO_PAIR;HIGH_CARD;TWO_PAIR;Player;45;0.45%
HIGH_CARD;HIGH_CARD;HIGH_CARD;ONE_PAIR;HIGH_CARD;ONE_PAIR;ONE_PAIR;ONE_PAIR;Player;118;1.18%
ONE_PAIR;HIGH_CARD;ONE_PAIR;ONE_PAIR;THREE_OF_A_KIND;ONE_PAIR;THREE_OF_A_KIND;FLUSH;Player;1;0.01%
HIGH_CARD;HIGH_CARD;ONE_PAIR;ONE_PAIR;TWO_PAIR;ONE_PAIR;TWO_PAIR;TWO_PAIR;Player;28;0.28%
HIGH_CARD;HIGH_CARD;HIGH_CARD;HIGH_CARD;HIGH_CARD;FLUSH;HIGH_CARD;HIGH_CARD;Player;2;0.02%
HIGH_CARD;HIGH_CARD;ONE_PAIR;FULL_HOUSE;ONE_PAIR;FULL_HOUSE;TWO_PAIR;FULL_HOUSE;Player;3;0.03%
HIGH_CARD;HIGH_CARD;HIGH_CARD;HIGH_CARD;ONE_PAIR;HIGH_CARD;THREE_OF_A_KIND;STRAIGHT;Player;1;0.01%
ONE_PAIR;ONE_PAIR;ONE_PAIR;ONE_PAIR;ONE_PAIR;THREE_OF_A_KIND;ONE_PAIR;THREE_OF_A_KIND;Player;2;0.02%
HIGH_CARD;HIGH_CARD;ONE_PAIR;HIGH_CARD;THREE_OF_A_KIND;ONE_PAIR;THREE_OF_A_KIND;FLUSH;Player;3;0.03%
HIGH_CARD;HIGH_CARD;ONE_PAIR;TWO_PAIR;ONE_PAIR;TWO_PAIR;TWO_PAIR;FULL_HOUSE;Player;12;0.12%
HIGH_CARD;HIGH_CARD;HIGH_CARD;HIGH_CARD;HIGH_CARD;ONE_PAIR;ONE_PAIR;TWO_PAIR;Player;68;0.68%
HIGH_CARD;HIGH_CARD;ONE_PAIR;HIGH_CARD;TWO_PAIR;ONE_PAIR;TWO_PAIR;FLUSH;Player;2;0.02%
HIGH_CARD;ONE_PAIR;ONE_PAIR;ONE_PAIR;TWO_PAIR;TWO_PAIR;FULL_HOUSE;FULL_HOUSE;Player;1;0.01%
HIGH_CARD;HIGH_CARD;THREE_OF_A_KIND;ONE_PAIR;FULL_HOUSE;TWO_PAIR;THREE_OF_A_KIND;FULL_HOUSE;Player;1;0.01%
HIGH_CARD;HIGH_CARD;ONE_PAIR;ONE_PAIR;TWO_PAIR;ONE_PAIR;TWO_PAIR;ONE_PAIR;Player;107;1.07%
HIGH_CARD;HIGH_CARD;ONE_PAIR;THREE_OF_A_KIND;ONE_PAIR;THREE_OF_A_KIND;ONE_PAIR;FLUSH;Player;1;0.01%
ONE_PAIR;HIGH_CARD;THREE_OF_A_KIND;ONE_PAIR;THREE_OF_A_KIND;TWO_PAIR;THREE_OF_A_KIND;FLUSH;Player;1;0.01%
ONE_PAIR;HIGH_CARD;ONE_PAIR;HIGH_CARD;FLUSH;FLUSH;FLUSH;FLUSH;Player;1;0.01%
HIGH_CARD;HIGH_CARD;ONE_PAIR;ONE_PAIR;ONE_PAIR;ONE_PAIR;ONE_PAIR;ONE_PAIR;Draw Game;15;0.15%
HIGH_CARD;HIGH_CARD;HIGH_CARD;HIGH_CARD;FLUSH;HIGH_CARD;FLUSH;HIGH_CARD;Player;12;0.12%
HIGH_CARD;ONE_PAIR;ONE_PAIR;ONE_PAIR;ONE_PAIR;ONE_PAIR;THREE_OF_A_KIND;TWO_PAIR;Player;6;0.06%
HIGH_CARD;HIGH_CARD;TWO_PAIR;HIGH_CARD;FULL_HOUSE;ONE_PAIR;FULL_HOUSE;ONE_PAIR;Player;9;0.09%
HIGH_CARD;ONE_PAIR;ONE_PAIR;THREE_OF_A_KIND;ONE_PAIR;THREE_OF_A_KIND;TWO_PAIR;FULL_HOUSE;Player;2;0.02%
HIGH_CARD;ONE_PAIR;HIGH_CARD;THREE_OF_A_KIND;HIGH_CARD;THREE_OF_A_KIND;STRAIGHT;THREE_OF_A_KIND;Player;2;0.02%
ONE_PAIR;ONE_PAIR;THREE_OF_A_KIND;ONE_PAIR;THREE_OF_A_KIND;ONE_PAIR;THREE_OF_A_KIND;ONE_PAIR;Player;3;0.03%
HIGH_CARD;ONE_PAIR;TWO_PAIR;TWO_PAIR;TWO_PAIR;TWO_PAIR;FULL_HOUSE;TWO_PAIR;Player;1;0.01%
HIGH_CARD;HIGH_CARD;THREE_OF_A_KIND;ONE_PAIR;FOUR_OF_A_KIND;THREE_OF_A_KIND;FOUR_OF_A_KIND;FULL_HOUSE;Player;1;0.01%
HIGH_CARD;HIGH_CARD;HIGH_CARD;HIGH_CARD;HIGH_CARD;HIGH_CARD;FLUSH;ONE_PAIR;Player;9;0.09%
ONE_PAIR;ONE_PAIR;ONE_PAIR;ONE_PAIR;ONE_PAIR;ONE_PAIR;ONE_PAIR;ONE_PAIR;Player;11;0.11%
HIGH_CARD;HIGH_CARD;HIGH_CARD;TWO_PAIR;ONE_PAIR;FULL_HOUSE;ONE_PAIR;FULL_HOUSE;Player;8;0.08%
ONE_PAIR;ONE_PAIR;TWO_PAIR;TWO_PAIR;TWO_PAIR;TWO_PAIR;TWO_PAIR;TWO_PAIR;Player;2;0.02%
HIGH_CARD;HIGH_CARD;STRAIGHT;HIGH_CARD;STRAIGHT;HIGH_CARD;STRAIGHT;ONE_PAIR;Player;3;0.03%
ONE_PAIR;HIGH_CARD;THREE_OF_A_KIND;ONE_PAIR;THREE_OF_A_KIND;ONE_PAIR;FOUR_OF_A_KIND;TWO_PAIR;Player;1;0.01%
HIGH_CARD;HIGH_CARD;HIGH_CARD;HIGH_CARD;ONE_PAIR;HIGH_CARD;FLUSH;HIGH_CARD;Player;1;0.01%
HIGH_CARD;HIGH_CARD;HIGH_CARD;HIGH_CARD;ONE_PAIR;FLUSH;FLUSH;STRAIGHT;Player;1;0.01%
HIGH_CARD;ONE_PAIR;HIGH_CARD;ONE_PAIR;HIGH_CARD;THREE_OF_A_KIND;HIGH_CARD;THREE_OF_A_KIND;Player;7;0.07%
HIGH_CARD;HIGH_CARD;ONE_PAIR;HIGH_CARD;THREE_OF_A_KIND;ONE_PAIR;THREE_OF_A_KIND;ONE_PAIR;Player;43;0.43%
HIGH_CARD;HIGH_CARD;HIGH_CARD;ONE_PAIR;FLUSH;ONE_PAIR;HIGH_CARD;ONE_PAIR;Player;2;0.02%
HIGH_CARD;HIGH_CARD;HIGH_CARD;HIGH_CARD;ONE_PAIR;FLUSH;ONE_PAIR;FLUSH;Player;2;0.02%
ONE_PAIR;HIGH_CARD;TWO_PAIR;THREE_OF_A_KIND;TWO_PAIR;THREE_OF_A_KIND;TWO_PAIR;FLUSH;Player;1;0.01%
HIGH_CARD;HIGH_CARD;HIGH_CARD;HIGH_CARD;HIGH_CARD;HIGH_CARD;ONE_PAIR;HIGH_CARD;Player;165;1.65%
HIGH_CARD;ONE_PAIR;HIGH_CARD;THREE_OF_A_KIND;ONE_PAIR;FOUR_OF_A_KIND;TWO_PAIR;FOUR_OF_A_KIND;Player;1;0.01%
ONE_PAIR;HIGH_CARD;ONE_PAIR;HIGH_CARD;ONE_PAIR;ONE_PAIR;THREE_OF_A_KIND;ONE_PAIR;Player;1;0.01%
HIGH_CARD;HIGH_CARD;ONE_PAIR;HIGH_CARD;TWO_PAIR;ONE_PAIR;FULL_HOUSE;TWO_PAIR;Player;9;0.09%
ONE_PAIR;HIGH_CARD;TWO_PAIR;TWO_PAIR;FULL_HOUSE;FULL_HOUSE;FULL_HOUSE;FULL_HOUSE;Player;1;0.01%
HIGH_CARD;HIGH_CARD;HIGH_CARD;ONE_PAIR;ONE_PAIR;TWO_PAIR;ONE_PAIR;FLUSH;Player;1;0.01%
HIGH_CARD;HIGH_CARD;ONE_PAIR;HIGH_CARD;ONE_PAIR;HIGH_CARD;TWO_PAIR;ONE_PAIR;Player;187;1.87%
HIGH_CARD;HIGH_CARD;THREE_OF_A_KIND;TWO_PAIR;THREE_OF_A_KIND;TWO_PAIR;THREE_OF_A_KIND;FLUSH;Player;1;0.01%
HIGH_CARD;ONE_PAIR;STRAIGHT;ONE_PAIR;HIGH_CARD;ONE_PAIR;HIGH_CARD;ONE_PAIR;Player;1;0.01%
HIGH_CARD;HIGH_CARD;ONE_PAIR;ONE_PAIR;ONE_PAIR;STRAIGHT;ONE_PAIR;STRAIGHT;Player;3;0.03%
HIGH_CARD;HIGH_CARD;HIGH_CARD;ONE_PAIR;FLUSH;ONE_PAIR;FLUSH;ONE_PAIR;Player;1;0.01%
HIGH_CARD;ONE_PAIR;HIGH_CARD;ONE_PAIR;ONE_PAIR;TWO_PAIR;FLUSH;FLUSH;Player;1;0.01%
HIGH_CARD;HIGH_CARD;TWO_PAIR;ONE_PAIR;TWO_PAIR;TWO_PAIR;FULL_HOUSE;TWO_PAIR;Player;4;0.04%
HIGH_CARD;HIGH_CARD;HIGH_CARD;STRAIGHT;HIGH_CARD;HIGH_CARD;HIGH_CARD;STRAIGHT;Player;1;0.01%
HIGH_CARD;HIGH_CARD;HIGH_CARD;ONE_PAIR;ONE_PAIR;ONE_PAIR;TWO_PAIR;TWO_PAIR;Player;26;0.26%
HIGH_CARD;ONE_PAIR;ONE_PAIR;FOUR_OF_A_KIND;ONE_PAIR;FOUR_OF_A_KIND;TWO_PAIR;FOUR_OF_A_KIND;Player;1;0.01%
HIGH_CARD;HIGH_CARD;HIGH_CARD;HIGH_CARD;ONE_PAIR;ONE_PAIR;TWO_PAIR;TWO_PAIR;Player;90;0.9%
HIGH_CARD;HIGH_CARD;THREE_OF_A_KIND;ONE_PAIR;THREE_OF_A_KIND;ONE_PAIR;THREE_OF_A_KIND;ONE_PAIR;Player;54;0.54%
ONE_PAIR;HIGH_CARD;ONE_PAIR;HIGH_CARD;THREE_OF_A_KIND;HIGH_CARD;THREE_OF_A_KIND;ONE_PAIR;Player;1;0.01%
HIGH_CARD;HIGH_CARD;STRAIGHT;HIGH_CARD;STRAIGHT;HIGH_CARD;HIGH_CARD;HIGH_CARD;Player;1;0.01%
HIGH_CARD;ONE_PAIR;TWO_PAIR;TWO_PAIR;FULL_HOUSE;FULL_HOUSE;FULL_HOUSE;FULL_HOUSE;Player;1;0.01%
HIGH_CARD;HIGH_CARD;ONE_PAIR;ONE_PAIR;THREE_OF_A_KIND;THREE_OF_A_KIND;FULL_HOUSE;THREE_OF_A_KIND;Player;7;0.07%
HIGH_CARD;HIGH_CARD;HIGH_CARD;ONE_PAIR;ONE_PAIR;TWO_PAIR;STRAIGHT;TWO_PAIR;Player;2;0.02%
HIGH_CARD;HIGH_CARD;ONE_PAIR;ONE_PAIR;ONE_PAIR;ONE_PAIR;TWO_PAIR;ONE_PAIR;Player;95;0.95%
HIGH_CARD;HIGH_CARD;ONE_PAIR;ONE_PAIR;ONE_PAIR;ONE_PAIR;FLUSH;TWO_PAIR;Player;7;0.07%
ONE_PAIR;ONE_PAIR;THREE_OF_A_KIND;THREE_OF_A_KIND;THREE_OF_A_KIND;THREE_OF_A_KIND;THREE_OF_A_KIND;THREE_OF_A_KIND;Player;1;0.01%
ONE_PAIR;HIGH_CARD;ONE_PAIR;HIGH_CARD;ONE_PAIR;HIGH_CARD;STRAIGHT;STRAIGHT;Player;1;0.01%
HIGH_CARD;HIGH_CARD;TWO_PAIR;ONE_PAIR;TWO_PAIR;ONE_PAIR;FLUSH;ONE_PAIR;Player;1;0.01%
HIGH_CARD;HIGH_CARD;ONE_PAIR;ONE_PAIR;TWO_PAIR;ONE_PAIR;FULL_HOUSE;THREE_OF_A_KIND;Player;10;0.1%
HIGH_CARD;HIGH_CARD;THREE_OF_A_KIND;TWO_PAIR;THREE_OF_A_KIND;TWO_PAIR;FULL_HOUSE;FULL_HOUSE;Player;1;0.01%
HIGH_CARD;HIGH_CARD;HIGH_CARD;HIGH_CARD;HIGH_CARD;HIGH_CARD;ONE_PAIR;ONE_PAIR;Player;422;4.22%
HIGH_CARD;HIGH_CARD;ONE_PAIR;ONE_PAIR;FLUSH;TWO_PAIR;FLUSH;TWO_PAIR;Player;1;0.01%
HIGH_CARD;HIGH_CARD;ONE_PAIR;THREE_OF_A_KIND;THREE_OF_A_KIND;FOUR_OF_A_KIND;THREE_OF_A_KIND;FOUR_OF_A_KIND;Player;2;0.02%
HIGH_CARD;HIGH_CARD;ONE_PAIR;HIGH_CARD;TWO_PAIR;HIGH_CARD;FULL_HOUSE;ONE_PAIR;Player;4;0.04%
HIGH_CARD;ONE_PAIR;HIGH_CARD;ONE_PAIR;FLUSH;FLUSH;FLUSH;FLUSH;Player;1;0.01%
HIGH_CARD;ONE_PAIR;THREE_OF_A_KIND;TWO_PAIR;THREE_OF_A_KIND;TWO_PAIR;THREE_OF_A_KIND;TWO_PAIR;Player;3;0.03%
HIGH_CARD;HIGH_CARD;HIGH_CARD;HIGH_CARD;HIGH_CARD;STRAIGHT;STRAIGHT;ONE_PAIR;Player;1;0.01%
HIGH_CARD;HIGH_CARD;ONE_PAIR;HIGH_CARD;ONE_PAIR;HIGH_CARD;TWO_PAIR;STRAIGHT;Player;5;0.05%
HIGH_CARD;HIGH_CARD;HIGH_CARD;ONE_PAIR;HIGH_CARD;ONE_PAIR;HIGH_CARD;TWO_PAIR;Player;42;0.42%
HIGH_CARD;HIGH_CARD;ONE_PAIR;HIGH_CARD;THREE_OF_A_KIND;ONE_PAIR;FULL_HOUSE;TWO_PAIR;Player;5;0.05%
HIGH_CARD;HIGH_CARD;ONE_PAIR;ONE_PAIR;THREE_OF_A_KIND;THREE_OF_A_KIND;THREE_OF_A_KIND;FULL_HOUSE;Player;5;0.05%
HIGH_CARD;HIGH_CARD;HIGH_CARD;HIGH_CARD;ONE_PAIR;ONE_PAIR;TWO_PAIR;TWO_PAIR;Draw Game;2;0.02%
HIGH_CARD;ONE_PAIR;STRAIGHT;ONE_PAIR;ONE_PAIR;ONE_PAIR;ONE_PAIR;ONE_PAIR;Player;1;0.01%
HIGH_CARD;HIGH_CARD;TWO_PAIR;HIGH_CARD;TWO_PAIR;HIGH_CARD;FLUSH;HIGH_CARD;Player;3;0.03%
HIGH_CARD;HIGH_CARD;HIGH_CARD;ONE_PAIR;FLUSH;ONE_PAIR;FLUSH;TWO_PAIR;Player;4;0.04%
ONE_PAIR;HIGH_CARD;ONE_PAIR;ONE_PAIR;ONE_PAIR;ONE_PAIR;STRAIGHT;TWO_PAIR;Player;1;0.01%
HIGH_CARD;HIGH_CARD;HIGH_CARD;HIGH_CARD;HIGH_CARD;STRAIGHT;HIGH_CARD;HIGH_CARD;Player;2;0.02%
HIGH_CARD;HIGH_CARD;ONE_PAIR;ONE_PAIR;FLUSH;ONE_PAIR;ONE_PAIR;FLUSH;Player;1;0.01%
HIGH_CARD;HIGH_CARD;STRAIGHT;ONE_PAIR;FLUSH;ONE_PAIR;FLUSH;ONE_PAIR;Player;1;0.01%
HIGH_CARD;ONE_PAIR;TWO_PAIR;TWO_PAIR;TWO_PAIR;FULL_HOUSE;TWO_PAIR;FULL_HOUSE;Player;1;0.01%
ONE_PAIR;ONE_PAIR;ONE_PAIR;ONE_PAIR;THREE_OF_A_KIND;ONE_PAIR;THREE_OF_A_KIND;ONE_PAIR;Player;1;0.01%
HIGH_CARD;HIGH_CARD;HIGH_CARD;HIGH_CARD;FLUSH;HIGH_CARD;HIGH_CARD;FLUSH;Player;1;0.01%
HIGH_CARD;HIGH_CARD;HIGH_CARD;HIGH_CARD;HIGH_CARD;ONE_PAIR;ONE_PAIR;THREE_OF_A_KIND;Player;16;0.16%
ONE_PAIR;HIGH_CARD;ONE_PAIR;HIGH_CARD;FLUSH;HIGH_CARD;FLUSH;HIGH_CARD;Player;1;0.01%
HIGH_CARD;HIGH_CARD;TWO_PAIR;ONE_PAIR;TWO_PAIR;FLUSH;FULL_HOUSE;FLUSH;Player;1;0.01%
HIGH_CARD;HIGH_CARD;HIGH_CARD;ONE_PAIR;ONE_PAIR;THREE_OF_A_KIND;TWO_PAIR;FULL_HOUSE;Player;18;0.18%
ONE_PAIR;HIGH_CARD;THREE_OF_A_KIND;ONE_PAIR;FULL_HOUSE;TWO_PAIR;FULL_HOUSE;TWO_PAIR;Player;1;0.01%
HIGH_CARD;HIGH_CARD;ONE_PAIR;HIGH_CARD;ONE_PAIR;STRAIGHT;TWO_PAIR;STRAIGHT;Player;1;0.01%
HIGH_CARD;ONE_PAIR;HIGH_CARD;THREE_OF_A_KIND;HIGH_CARD;THREE_OF_A_KIND;ONE_PAIR;FULL_HOUSE;Player;4;0.04%
HIGH_CARD;HIGH_CARD;HIGH_CARD;ONE_PAIR;HIGH_CARD;ONE_PAIR;HIGH_CARD;ONE_PAIR;Player;464;4.64%
HIGH_CARD;HIGH_CARD;ONE_PAIR;HIGH_CARD;TWO_PAIR;FLUSH;FLUSH;HIGH_CARD;Player;1;0.01%
ONE_PAIR;HIGH_CARD;ONE_PAIR;HIGH_CARD;ONE_PAIR;HIGH_CARD;FLUSH;ONE_PAIR;Player;2;0.02%
HIGH_CARD;ONE_PAIR;ONE_PAIR;ONE_PAIR;TWO_PAIR;ONE_PAIR;TWO_PAIR;FLUSH;Player;1;0.01%
HIGH_CARD;HIGH_CARD;ONE_PAIR;STRAIGHT;THREE_OF_A_KIND;STRAIGHT;THREE_OF_A_KIND;STRAIGHT;Player;1;0.01%
HIGH_CARD;ONE_PAIR;ONE_PAIR;FULL_HOUSE;ONE_PAIR;FULL_HOUSE;THREE_OF_A_KIND;THREE_OF_A_KIND;Player;1;0.01%
HIGH_CARD;HIGH_CARD;HIGH_CARD;TWO_PAIR;FLUSH;TWO_PAIR;FLUSH;TWO_PAIR;Player;1;0.01%
HIGH_CARD;HIGH_CARD;HIGH_CARD;HIGH_CARD;FLUSH;FLUSH;FLUSH;FLUSH;Player;2;0.02%
ONE_PAIR;HIGH_CARD;ONE_PAIR;HIGH_CARD;THREE_OF_A_KIND;HIGH_CARD;THREE_OF_A_KIND;HIGH_CARD;Player;2;0.02%
HIGH_CARD;HIGH_CARD;ONE_PAIR;ONE_PAIR;STRAIGHT;TWO_PAIR;STRAIGHT;TWO_PAIR;Player;1;0.01%
ONE_PAIR;HIGH_CARD;ONE_PAIR;TWO_PAIR;THREE_OF_A_KIND;TWO_PAIR;THREE_OF_A_KIND;TWO_PAIR;Player;1;0.01%
HIGH_CARD;HIGH_CARD;HIGH_CARD;ONE_PAIR;HIGH_CARD;TWO_PAIR;ONE_PAIR;FULL_HOUSE;Player;12;0.12%
HIGH_CARD;HIGH_CARD;HIGH_CARD;STRAIGHT;HIGH_CARD;HIGH_CARD;STRAIGHT;HIGH_CARD;Player;1;0.01%
HIGH_CARD;HIGH_CARD;ONE_PAIR;ONE_PAIR;TWO_PAIR;FLUSH;TWO_PAIR;FLUSH;Player;1;0.01%
ONE_PAIR;HIGH_CARD;ONE_PAIR;ONE_PAIR;ONE_PAIR;ONE_PAIR;ONE_PAIR;FLUSH;Player;1;0.01%
HIGH_CARD;HIGH_CARD;HIGH_CARD;STRAIGHT;HIGH_CARD;ONE_PAIR;ONE_PAIR;ONE_PAIR;Player;1;0.01%
HIGH_CARD;HIGH_CARD;ONE_PAIR;HIGH_CARD;ONE_PAIR;HIGH_CARD;STRAIGHT;STRAIGHT;Player;1;0.01%
HIGH_CARD;HIGH_CARD;HIGH_CARD;HIGH_CARD;HIGH_CARD;HIGH_CARD;ONE_PAIR;STRAIGHT;Player;14;0.14%
HIGH_CARD;ONE_PAIR;ONE_PAIR;ONE_PAIR;THREE_OF_A_KIND;TWO_PAIR;THREE_OF_A_KIND;TWO_PAIR;Player;4;0.04%
HIGH_CARD;HIGH_CARD;THREE_OF_A_KIND;ONE_PAIR;THREE_OF_A_KIND;ONE_PAIR;THREE_OF_A_KIND;TWO_PAIR;Player;8;0.08%
HIGH_CARD;HIGH_CARD;HIGH_CARD;STRAIGHT;HIGH_CARD;ONE_PAIR;ONE_PAIR;TWO_PAIR;Player;1;0.01%
HIGH_CARD;HIGH_CARD;ONE_PAIR;TWO_PAIR;STRAIGHT;TWO_PAIR;STRAIGHT;TWO_PAIR;Player;1;0.01%
ONE_PAIR;HIGH_CARD;ONE_PAIR;HIGH_CARD;THREE_OF_A_KIND;HIGH_CARD;FULL_HOUSE;ONE_PAIR;Player;2;0.02%
HIGH_CARD;ONE_PAIR;ONE_PAIR;THREE_OF_A_KIND;TWO_PAIR;FULL_HOUSE;FULL_HOUSE;THREE_OF_A_KIND;Player;1;0.01%
HIGH_CARD;HIGH_CARD;THREE_OF_A_KIND;ONE_PAIR;THREE_OF_A_KIND;TWO_PAIR;FULL_HOUSE;FULL_HOUSE;Player;1;0.01%
HIGH_CARD;HIGH_CARD;THREE_OF_A_KIND;THREE_OF_A_KIND;THREE_OF_A_KIND;THREE_OF_A_KIND;FULL_HOUSE;THREE_OF_A_KIND;Player;4;0.04%
HIGH_CARD;HIGH_CARD;HIGH_CARD;ONE_PAIR;STRAIGHT;ONE_PAIR;HIGH_CARD;FLUSH;Player;1;0.01%
HIGH_CARD;HIGH_CARD;ONE_PAIR;HIGH_CARD;ONE_PAIR;ONE_PAIR;TWO_PAIR;THREE_OF_A_KIND;Player;8;0.08%
HIGH_CARD;HIGH_CARD;STRAIGHT;ONE_PAIR;STRAIGHT;ONE_PAIR;ONE_PAIR;TWO_PAIR;Player;1;0.01%
HIGH_CARD;HIGH_CARD;STRAIGHT;HIGH_CARD;STRAIGHT;ONE_PAIR;FLUSH;ONE_PAIR;Player;1;0.01%
HIGH_CARD;HIGH_CARD;ONE_PAIR;HIGH_CARD;ONE_PAIR;HIGH_CARD;STRAIGHT;ONE_PAIR;Player;1;0.01%
HIGH_CARD;HIGH_CARD;HIGH_CARD;ONE_PAIR;ONE_PAIR;ONE_PAIR;ONE_PAIR;ONE_PAIR;Player;111;1.11%
HIGH_CARD;HIGH_CARD;HIGH_CARD;ONE_PAIR;ONE_PAIR;TWO_PAIR;TWO_PAIR;TWO_PAIR;Player;45;0.45%
HIGH_CARD;HIGH_CARD;HIGH_CARD;HIGH_CARD;ONE_PAIR;ONE_PAIR;FLUSH;ONE_PAIR;Player;9;0.09%
HIGH_CARD;HIGH_CARD;ONE_PAIR;ONE_PAIR;ONE_PAIR;ONE_PAIR;STRAIGHT;STRAIGHT;Player;2;0.02%
ONE_PAIR;HIGH_CARD;ONE_PAIR;HIGH_CARD;THREE_OF_A_KIND;ONE_PAIR;THREE_OF_A_KIND;ONE_PAIR;Player;1;0.01%
HIGH_CARD;ONE_PAIR;HIGH_CARD;ONE_PAIR;HIGH_CARD;ONE_PAIR;HIGH_CARD;FLUSH;Player;1;0.01%
HIGH_CARD;HIGH_CARD;HIGH_CARD;HIGH_CARD;FLUSH;ONE_PAIR;FLUSH;STRAIGHT;Player;1;0.01%
ONE_PAIR;HIGH_CARD;ONE_PAIR;HIGH_CARD;ONE_PAIR;STRAIGHT;ONE_PAIR;STRAIGHT;Player;1;0.01%
HIGH_CARD;HIGH_CARD;HIGH_CARD;HIGH_CARD;HIGH_CARD;ONE_PAIR;HIGH_CARD;ONE_PAIR;Player;170;1.7%
HIGH_CARD;HIGH_CARD;ONE_PAIR;THREE_OF_A_KIND;TWO_PAIR;THREE_OF_A_KIND;FULL_HOUSE;FULL_HOUSE;Player;2;0.02%
HIGH_CARD;HIGH_CARD;ONE_PAIR;ONE_PAIR;TWO_PAIR;STRAIGHT;TWO_PAIR;STRAIGHT;Player;3;0.03%
HIGH_CARD;HIGH_CARD;FULL_HOUSE;ONE_PAIR;FULL_HOUSE;TWO_PAIR;FULL_HOUSE;TWO_PAIR;Player;1;0.01%
HIGH_CARD;HIGH_CARD;ONE_PAIR;FULL_HOUSE;THREE_OF_A_KIND;FOUR_OF_A_KIND;THREE_OF_A_KIND;FOUR_OF_A_KIND;Player;1;0.01%
ONE_PAIR;HIGH_CARD;TWO_PAIR;ONE_PAIR;TWO_PAIR;ONE_PAIR;TWO_PAIR;TWO_PAIR;Player;10;0.1%
HIGH_CARD;HIGH_CARD;HIGH_CARD;ONE_PAIR;HIGH_CARD;ONE_PAIR;ONE_PAIR;FLUSH;Player;7;0.07%
HIGH_CARD;HIGH_CARD;FLUSH;HIGH_CARD;FLUSH;HIGH_CARD;FLUSH;ONE_PAIR;Player;3;0.03%
HIGH_CARD;HIGH_CARD;HIGH_CARD;STRAIGHT;HIGH_CARD;STRAIGHT;HIGH_CARD;STRAIGHT;Player;7;0.07%
ONE_PAIR;HIGH_CARD;THREE_OF_A_KIND;HIGH_CARD;THREE_OF_A_KIND;HIGH_CARD;FOUR_OF_A_KIND;ONE_PAIR;Player;2;0.02%
HIGH_CARD;HIGH_CARD;ONE_PAIR;HIGH_CARD;TWO_PAIR;HIGH_CARD;TWO_PAIR;HIGH_CARD;Player;49;0.49%
HIGH_CARD;HIGH_CARD;ONE_PAIR;TWO_PAIR;ONE_PAIR;TWO_PAIR;STRAIGHT;TWO_PAIR;Player;3;0.03%
HIGH_CARD;HIGH_CARD;HIGH_CARD;HIGH_CARD;HIGH_CARD;HIGH_CARD;HIGH_CARD;STRAIGHT;Player;41;0.41%
ONE_PAIR;HIGH_CARD;ONE_PAIR;HIGH_CARD;ONE_PAIR;HIGH_CARD;ONE_PAIR;ONE_PAIR;Player;19;0.19%
HIGH_CARD;HIGH_CARD;ONE_PAIR;ONE_PAIR;ONE_PAIR;FLUSH;ONE_PAIR;FLUSH;Player;5;0.05%
HIGH_CARD;HIGH_CARD;ONE_PAIR;HIGH_CARD;TWO_PAIR;ONE_PAIR;TWO_PAIR;TWO_PAIR;Player;49;0.49%
HIGH_CARD;HIGH_CARD;ONE_PAIR;HIGH_CARD;ONE_PAIR;STRAIGHT;ONE_PAIR;HIGH_CARD;Player;2;0.02%
HIGH_CARD;HIGH_CARD;STRAIGHT;HIGH_CARD;STRAIGHT;HIGH_CARD;FLUSH;HIGH_CARD;Player;1;0.01%
HIGH_CARD;HIGH_CARD;ONE_PAIR;HIGH_CARD;THREE_OF_A_KIND;ONE_PAIR;THREE_OF_A_KIND;STRAIGHT;Player;2;0.02%
HIGH_CARD;ONE_PAIR;HIGH_CARD;ONE_PAIR;ONE_PAIR;ONE_PAIR;THREE_OF_A_KIND;TWO_PAIR;Player;2;0.02%
HIGH_CARD;HIGH_CARD;HIGH_CARD;HIGH_CARD;HIGH_CARD;STRAIGHT;ONE_PAIR;STRAIGHT;Player;9;0.09%
ONE_PAIR;HIGH_CARD;ONE_PAIR;HIGH_CARD;ONE_PAIR;ONE_PAIR;TWO_PAIR;THREE_OF_A_KIND;Player;1;0.01%
HIGH_CARD;ONE_PAIR;HIGH_CARD;ONE_PAIR;ONE_PAIR;ONE_PAIR;ONE_PAIR;ONE_PAIR;Player;18;0.18%
HIGH_CARD;ONE_PAIR;HIGH_CARD;ONE_PAIR;HIGH_CARD;ONE_PAIR;STRAIGHT;ONE_PAIR;Player;5;0.05%
HIGH_CARD;HIGH_CARD;HIGH_CARD;TWO_PAIR;HIGH_CARD;TWO_PAIR;STRAIGHT;TWO_PAIR;Player;2;0.02%
HIGH_CARD;HIGH_CARD;ONE_PAIR;HIGH_CARD;ONE_PAIR;FLUSH;THREE_OF_A_KIND;FLUSH;Player;1;0.01%
HIGH_CARD;HIGH_CARD;ONE_PAIR;ONE_PAIR;TWO_PAIR;THREE_OF_A_KIND;FULL_HOUSE;FULL_HOUSE;Player;2;0.02%
HIGH_CARD;HIGH_CARD;TWO_PAIR;HIGH_CARD;TWO_PAIR;ONE_PAIR;TWO_PAIR;THREE_OF_A_KIND;Player;2;0.02%
HIGH_CARD;HIGH_CARD;HIGH_CARD;ONE_PAIR;HIGH_CARD;ONE_PAIR;HIGH_CARD;FLUSH;Player;5;0.05%
HIGH_CARD;HIGH_CARD;TWO_PAIR;HIGH_CARD;TWO_PAIR;HIGH_CARD;TWO_PAIR;ONE_PAIR;Player;28;0.28%
HIGH_CARD;HIGH_CARD;THREE_OF_A_KIND;TWO_PAIR;THREE_OF_A_KIND;TWO_PAIR;THREE_OF_A_KIND;TWO_PAIR;Player;11;0.11%
HIGH_CARD;HIGH_CARD;STRAIGHT;HIGH_CARD;STRAIGHT;HIGH_CARD;ONE_PAIR;ONE_PAIR;Player;1;0.01%
HIGH_CARD;HIGH_CARD;THREE_OF_A_KIND;ONE_PAIR;THREE_OF_A_KIND;ONE_PAIR;FULL_HOUSE;ONE_PAIR;Player;5;0.05%
HIGH_CARD;HIGH_CARD;HIGH_CARD;TWO_PAIR;ONE_PAIR;TWO_PAIR;TWO_PAIR;TWO_PAIR;Player;3;0.03%
HIGH_CARD;ONE_PAIR;HIGH_CARD;ONE_PAIR;ONE_PAIR;ONE_PAIR;FLUSH;TWO_PAIR;Player;1;0.01%
HIGH_CARD;HIGH_CARD;HIGH_CARD;TWO_PAIR;FLUSH;TWO_PAIR;HIGH_CARD;FLUSH;Player;1;0.01%
HIGH_CARD;HIGH_CARD;THREE_OF_A_KIND;TWO_PAIR;FOUR_OF_A_KIND;FULL_HOUSE;FOUR_OF_A_KIND;FULL_HOUSE;Player;1;0.01%
HIGH_CARD;HIGH_CARD;HIGH_CARD;ONE_PAIR;ONE_PAIR;THREE_OF_A_KIND;ONE_PAIR;FULL_HOUSE;Player;6;0.06%
HIGH_CARD;HIGH_CARD;HIGH_CARD;HIGH_CARD;ONE_PAIR;HIGH_CARD;FLUSH;ONE_PAIR;Player;4;0.04%
HIGH_CARD;HIGH_CARD;ONE_PAIR;HIGH_CARD;TWO_PAIR;HIGH_CARD;TWO_PAIR;STRAIGHT;Player;1;0.01%
HIGH_CARD;HIGH_CARD;HIGH_CARD;STRAIGHT;STRAIGHT;ONE_PAIR;ONE_PAIR;ONE_PAIR;Player;1;0.01%
HIGH_CARD;HIGH_CARD;FULL_HOUSE;ONE_PAIR;FOUR_OF_A_KIND;THREE_OF_A_KIND;FOUR_OF_A_KIND;THREE_OF_A_KIND;Player;1;0.01%
HIGH_CARD;ONE_PAIR;TWO_PAIR;ONE_PAIR;TWO_PAIR;THREE_OF_A_KIND;TWO_PAIR;THREE_OF_A_KIND;Player;1;0.01%
HIGH_CARD;HIGH_CARD;TWO_PAIR;HIGH_CARD;TWO_PAIR;FLUSH;TWO_PAIR;FLUSH;Player;1;0.01%
HIGH_CARD;HIGH_CARD;THREE_OF_A_KIND;ONE_PAIR;FULL_HOUSE;ONE_PAIR;FULL_HOUSE;TWO_PAIR;Player;1;0.01%
HIGH_CARD;HIGH_CARD;HIGH_CARD;HIGH_CARD;ONE_PAIR;ONE_PAIR;TWO_PAIR;ONE_PAIR;Player;57;0.57%
HIGH_CARD;HIGH_CARD;ONE_PAIR;HIGH_CARD;ONE_PAIR;FLUSH;ONE_PAIR;FLUSH;Player;6;0.06%
HIGH_CARD;HIGH_CARD;TWO_PAIR;TWO_PAIR;TWO_PAIR;TWO_PAIR;FLUSH;TWO_PAIR;Player;1;0.01%
HIGH_CARD;HIGH_CARD;ONE_PAIR;HIGH_CARD;STRAIGHT;ONE_PAIR;STRAIGHT;TWO_PAIR;Player;1;0.01%
HIGH_CARD;HIGH_CARD;HIGH_CARD;HIGH_CARD;HIGH_CARD;ONE_PAIR;FLUSH;TWO_PAIR;Player;4;0.04%
HIGH_CARD;HIGH_CARD;FULL_HOUSE;TWO_PAIR;THREE_OF_A_KIND;FULL_HOUSE;THREE_OF_A_KIND;FULL_HOUSE;Player;1;0.01%
ONE_PAIR;HIGH_CARD;THREE_OF_A_KIND;HIGH_CARD;THREE_OF_A_KIND;HIGH_CARD;THREE_OF_A_KIND;ONE_PAIR;Player;5;0.05%
HIGH_CARD;HIGH_CARD;ONE_PAIR;HIGH_CARD;ONE_PAIR;ONE_PAIR;ONE_PAIR;TWO_PAIR;Player;11;0.11%
HIGH_CARD;HIGH_CARD;HIGH_CARD;HIGH_CARD;STRAIGHT;HIGH_CARD;STRAIGHT;STRAIGHT;Player;1;0.01%
HIGH_CARD;HIGH_CARD;HIGH_CARD;HIGH_CARD;HIGH_CARD;STRAIGHT;HIGH_CARD;STRAIGHT;Player;16;0.16%
ONE_PAIR;HIGH_CARD;THREE_OF_A_KIND;HIGH_CARD;THREE_OF_A_KIND;HIGH_CARD;THREE_OF_A_KIND;HIGH_CARD;Player;13;0.13%
HIGH_CARD;HIGH_CARD;THREE_OF_A_KIND;ONE_PAIR;THREE_OF_A_KIND;TWO_PAIR;THREE_OF_A_KIND;TWO_PAIR;Player;5;0.05%
HIGH_CARD;HIGH_CARD;TWO_PAIR;HIGH_CARD;TWO_PAIR;ONE_PAIR;TWO_PAIR;STRAIGHT_FLUSH;Player;1;0.01%
ONE_PAIR;HIGH_CARD;FULL_HOUSE;ONE_PAIR;FULL_HOUSE;ONE_PAIR;FULL_HOUSE;ONE_PAIR;Player;2;0.02%
HIGH_CARD;ONE_PAIR;ONE_PAIR;ONE_PAIR;TWO_PAIR;TWO_PAIR;TWO_PAIR;FULL_HOUSE;Player;1;0.01%
HIGH_CARD;HIGH_CARD;ONE_PAIR;ONE_PAIR;THREE_OF_A_KIND;TWO_PAIR;STRAIGHT;TWO_PAIR;Player;1;0.01%
HIGH_CARD;HIGH_CARD;HIGH_CARD;ONE_PAIR;HIGH_CARD;TWO_PAIR;FLUSH;TWO_PAIR;Player;5;0.05%
ONE_PAIR;HIGH_CARD;ONE_PAIR;HIGH_CARD;ONE_PAIR;FLUSH;ONE_PAIR;FLUSH;Player;1;0.01%
HIGH_CARD;ONE_PAIR;STRAIGHT;ONE_PAIR;ONE_PAIR;TWO_PAIR;TWO_PAIR;TWO_PAIR;Player;1;0.01%
HIGH_CARD;HIGH_CARD;HIGH_CARD;STRAIGHT;ONE_PAIR;STRAIGHT;TWO_PAIR;TWO_PAIR;Player;1;0.01%
HIGH_CARD;HIGH_CARD;HIGH_CARD;HIGH_CARD;ONE_PAIR;STRAIGHT;ONE_PAIR;STRAIGHT;Player;1;0.01%
HIGH_CARD;HIGH_CARD;HIGH_CARD;ONE_PAIR;ONE_PAIR;THREE_OF_A_KIND;TWO_PAIR;THREE_OF_A_KIND;Player;10;0.1%
HIGH_CARD;HIGH_CARD;HIGH_CARD;ONE_PAIR;STRAIGHT;ONE_PAIR;ONE_PAIR;TWO_PAIR;Player;4;0.04%
HIGH_CARD;HIGH_CARD;HIGH_CARD;HIGH_CARD;HIGH_CARD;HIGH_CARD;HIGH_CARD;FLUSH;Player;18;0.18%
HIGH_CARD;HIGH_CARD;HIGH_CARD;ONE_PAIR;HIGH_CARD;STRAIGHT;ONE_PAIR;STRAIGHT;Player;1;0.01%
HIGH_CARD;ONE_PAIR;HIGH_CARD;ONE_PAIR;HIGH_CARD;THREE_OF_A_KIND;ONE_PAIR;FULL_HOUSE;Player;1;0.01%
HIGH_CARD;ONE_PAIR;ONE_PAIR;TWO_PAIR;TWO_PAIR;TWO_PAIR;FULL_HOUSE;FULL_HOUSE;Player;1;0.01%
HIGH_CARD;HIGH_CARD;ONE_PAIR;TWO_PAIR;ONE_PAIR;TWO_PAIR;THREE_OF_A_KIND;FULL_HOUSE;Player;9;0.09%
HIGH_CARD;ONE_PAIR;HIGH_CARD;ONE_PAIR;HIGH_CARD;ONE_PAIR;ONE_PAIR;ONE_PAIR;Player;25;0.25%
HIGH_CARD;HIGH_CARD;FLUSH;HIGH_CARD;FLUSH;ONE_PAIR;FLUSH;STRAIGHT;Player;1;0.01%
HIGH_CARD;ONE_PAIR;HIGH_CARD;ONE_PAIR;FLUSH;ONE_PAIR;FLUSH;ONE_PAIR;Player;3;0.03%
HIGH_CARD;HIGH_CARD;HIGH_CARD;HIGH_CARD;HIGH_CARD;STRAIGHT;STRAIGHT;STRAIGHT;Player;1;0.01%
HIGH_CARD;ONE_PAIR;TWO_PAIR;ONE_PAIR;TWO_PAIR;ONE_PAIR;TWO_PAIR;THREE_OF_A_KIND;Player;1;0.01%
HIGH_CARD;HIGH_CARD;ONE_PAIR;FLUSH;TWO_PAIR;FLUSH;FULL_HOUSE;FLUSH;Player;1;0.01%
HIGH_CARD;ONE_PAIR;ONE_PAIR;TWO_PAIR;THREE_OF_A_KIND;FULL_HOUSE;FLUSH;FULL_HOUSE;Player;1;0.01%
HIGH_CARD;HIGH_CARD;HIGH_CARD;HIGH_CARD;STRAIGHT;STRAIGHT;STRAIGHT;STRAIGHT;Player;1;0.01%
HIGH_CARD;HIGH_CARD;ONE_PAIR;ONE_PAIR;ONE_PAIR;ONE_PAIR;TWO_PAIR;TWO_PAIR;Draw Game;1;0.01%
HIGH_CARD;HIGH_CARD;HIGH_CARD;ONE_PAIR;ONE_PAIR;THREE_OF_A_KIND;THREE_OF_A_KIND;FOUR_OF_A_KIND;Player;3;0.03%
HIGH_CARD;HIGH_CARD;HIGH_CARD;TWO_PAIR;HIGH_CARD;TWO_PAIR;ONE_PAIR;TWO_PAIR;Player;21;0.21%
HIGH_CARD;HIGH_CARD;HIGH_CARD;ONE_PAIR;ONE_PAIR;ONE_PAIR;ONE_PAIR;FLUSH;Player;3;0.03%
HIGH_CARD;ONE_PAIR;FOUR_OF_A_KIND;FULL_HOUSE;FOUR_OF_A_KIND;FULL_HOUSE;FOUR_OF_A_KIND;FULL_HOUSE;Player;1;0.01%
HIGH_CARD;HIGH_CARD;ONE_PAIR;ONE_PAIR;TWO_PAIR;FLUSH;TWO_PAIR;ONE_PAIR;Player;1;0.01%
HIGH_CARD;HIGH_CARD;ONE_PAIR;ONE_PAIR;ONE_PAIR;TWO_PAIR;TWO_PAIR;FULL_HOUSE;Player;6;0.06%
HIGH_CARD;HIGH_CARD;ONE_PAIR;FLUSH;ONE_PAIR;FLUSH;ONE_PAIR;FLUSH;Player;4;0.04%
HIGH_CARD;HIGH_CARD;ONE_PAIR;ONE_PAIR;THREE_OF_A_KIND;TWO_PAIR;FULL_HOUSE;FULL_HOUSE;Player;2;0.02%
HIGH_CARD;HIGH_CARD;STRAIGHT;ONE_PAIR;HIGH_CARD;ONE_PAIR;STRAIGHT;TWO_PAIR;Player;1;0.01%
HIGH_CARD;HIGH_CARD;HIGH_CARD;ONE_PAIR;FLUSH;TWO_PAIR;ONE_PAIR;TWO_PAIR;Player;1;0.01%
HIGH_CARD;HIGH_CARD;HIGH_CARD;HIGH_CARD;ONE_PAIR;ONE_PAIR;STRAIGHT;ONE_PAIR;Player;5;0.05%
HIGH_CARD;HIGH_CARD;HIGH_CARD;ONE_PAIR;ONE_PAIR;THREE_OF_A_KIND;FLUSH;THREE_OF_A_KIND;Player;3;0.03%
HIGH_CARD;HIGH_CARD;TWO_PAIR;HIGH_CARD;TWO_PAIR;HIGH_CARD;TWO_PAIR;HIGH_CARD;Player;38;0.38%
HIGH_CARD;HIGH_CARD;ONE_PAIR;ONE_PAIR;TWO_PAIR;ONE_PAIR;FULL_HOUSE;TWO_PAIR;Player;14;0.14%
HIGH_CARD;HIGH_CARD;TWO_PAIR;ONE_PAIR;TWO_PAIR;ONE_PAIR;TWO_PAIR;FLUSH;Player;4;0.04%
HIGH_CARD;ONE_PAIR;HIGH_CARD;ONE_PAIR;ONE_PAIR;ONE_PAIR;TWO_PAIR;TWO_PAIR;Player;6;0.06%
HIGH_CARD;HIGH_CARD;ONE_PAIR;THREE_OF_A_KIND;TWO_PAIR;FULL_HOUSE;TWO_PAIR;FULL_HOUSE;Player;8;0.08%
HIGH_CARD;HIGH_CARD;HIGH_CARD;HIGH_CARD;ONE_PAIR;FLUSH;ONE_PAIR;ONE_PAIR;Player;2;0.02%
ONE_PAIR;HIGH_CARD;ONE_PAIR;ONE_PAIR;ONE_PAIR;ONE_PAIR;ONE_PAIR;TWO_PAIR;Player;10;0.1%
HIGH_CARD;HIGH_CARD;TWO_PAIR;HIGH_CARD;FULL_HOUSE;ONE_PAIR;FULL_HOUSE;TWO_PAIR;Player;2;0.02%
ONE_PAIR;HIGH_CARD;THREE_OF_A_KIND;HIGH_CARD;THREE_OF_A_KIND;HIGH_CARD;FULL_HOUSE;ONE_PAIR;Player;4;0.04%
HIGH_CARD;ONE_PAIR;HIGH_CARD;ONE_PAIR;STRAIGHT;ONE_PAIR;STRAIGHT;ONE_PAIR;Player;1;0.01%
HIGH_CARD;HIGH_CARD;HIGH_CARD;HIGH_CARD;HIGH_CARD;STRAIGHT;HIGH_CARD;ONE_PAIR;Player;1;0.01%
ONE_PAIR;ONE_PAIR;ONE_PAIR;ONE_PAIR;ONE_PAIR;ONE_PAIR;ONE_PAIR;THREE_OF_A_KIND;Player;1;0.01%
HIGH_CARD;HIGH_CARD;TWO_PAIR;FLUSH;TWO_PAIR;HIGH_CARD;TWO_PAIR;HIGH_CARD;Player;1;0.01%
HIGH_CARD;HIGH_CARD;ONE_PAIR;TWO_PAIR;THREE_OF_A_KIND;TWO_PAIR;FULL_HOUSE;FULL_HOUSE;Player;1;0.01%
HIGH_CARD;HIGH_CARD;STRAIGHT;ONE_PAIR;ONE_PAIR;THREE_OF_A_KIND;ONE_PAIR;THREE_OF_A_KIND;Player;1;0.01%
HIGH_CARD;HIGH_CARD;TWO_PAIR;ONE_PAIR;TWO_PAIR;ONE_PAIR;FULL_HOUSE;TWO_PAIR;Player;6;0.06%
HIGH_CARD;HIGH_CARD;FLUSH;HIGH_CARD;HIGH_CARD;HIGH_CARD;ONE_PAIR;HIGH_CARD;Player;2;0.02%
HIGH_CARD;HIGH_CARD;HIGH_CARD;HIGH_CARD;HIGH_CARD;HIGH_CARD;STRAIGHT_FLUSH;FLUSH;Player;1;0.01%
HIGH_CARD;HIGH_CARD;ONE_PAIR;THREE_OF_A_KIND;THREE_OF_A_KIND;FOUR_OF_A_KIND;FULL_HOUSE;FOUR_OF_A_KIND;Player;1;0.01%
HIGH_CARD;HIGH_CARD;ONE_PAIR;THREE_OF_A_KIND;ONE_PAIR;THREE_OF_A_KIND;TWO_PAIR;THREE_OF_A_KIND;Player;10;0.1%
HIGH_CARD;HIGH_CARD;ONE_PAIR;ONE_PAIR;TWO_PAIR;ONE_PAIR;TWO_PAIR;THREE_OF_A_KIND;Player;2;0.02%
ONE_PAIR;HIGH_CARD;ONE_PAIR;TWO_PAIR;TWO_PAIR;FULL_HOUSE;TWO_PAIR;FULL_HOUSE;Player;1;0.01%
HIGH_CARD;HIGH_CARD;ONE_PAIR;ONE_PAIR;TWO_PAIR;TWO_PAIR;TWO_PAIR;TWO_PAIR;Draw Game;4;0.04%
HIGH_CARD;HIGH_CARD;ONE_PAIR;ONE_PAIR;TWO_PAIR;TWO_PAIR;TWO_PAIR;FLUSH;Player;4;0.04%
HIGH_CARD;ONE_PAIR;ONE_PAIR;THREE_OF_A_KIND;TWO_PAIR;THREE_OF_A_KIND;TWO_PAIR;THREE_OF_A_KIND;Player;1;0.01%
HIGH_CARD;HIGH_CARD;ONE_PAIR;ONE_PAIR;TWO_PAIR;ONE_PAIR;TWO_PAIR;FLUSH;Player;4;0.04%
HIGH_CARD;HIGH_CARD;HIGH_CARD;HIGH_CARD;HIGH_CARD;FLUSH;ONE_PAIR;FLUSH;Player;8;0.08%
HIGH_CARD;HIGH_CARD;THREE_OF_A_KIND;ONE_PAIR;THREE_OF_A_KIND;ONE_PAIR;FOUR_OF_A_KIND;THREE_OF_A_KIND;Player;3;0.03%
HIGH_CARD;HIGH_CARD;TWO_PAIR;HIGH_CARD;TWO_PAIR;STRAIGHT;TWO_PAIR;HIGH_CARD;Player;1;0.01%
HIGH_CARD;HIGH_CARD;HIGH_CARD;HIGH_CARD;ONE_PAIR;HIGH_CARD;ONE_PAIR;STRAIGHT;Player;7;0.07%
HIGH_CARD;HIGH_CARD;ONE_PAIR;HIGH_CARD;TWO_PAIR;HIGH_CARD;TWO_PAIR;ONE_PAIR;Player;20;0.2%
HIGH_CARD;HIGH_CARD;ONE_PAIR;FULL_HOUSE;TWO_PAIR;FULL_HOUSE;TWO_PAIR;FULL_HOUSE;Player;1;0.01%
ONE_PAIR;HIGH_CARD;TWO_PAIR;ONE_PAIR;FULL_HOUSE;THREE_OF_A_KIND;FULL_HOUSE;THREE_OF_A_KIND;Player;3;0.03%
HIGH_CARD;ONE_PAIR;FLUSH;ONE_PAIR;FLUSH;ONE_PAIR;FLUSH;TWO_PAIR;Player;1;0.01%
HIGH_CARD;HIGH_CARD;THREE_OF_A_KIND;THREE_OF_A_KIND;THREE_OF_A_KIND;THREE_OF_A_KIND;THREE_OF_A_KIND;THREE_OF_A_KIND;Player;15;0.15%
HIGH_CARD;HIGH_CARD;HIGH_CARD;TWO_PAIR;HIGH_CARD;TWO_PAIR;FLUSH;FULL_HOUSE;Player;1;0.01%
HIGH_CARD;HIGH_CARD;HIGH_CARD;ONE_PAIR;HIGH_CARD;ONE_PAIR;ONE_PAIR;THREE_OF_A_KIND;Player;37;0.37%
HIGH_CARD;HIGH_CARD;HIGH_CARD;ONE_PAIR;HIGH_CARD;STRAIGHT;HIGH_CARD;ONE_PAIR;Player;1;0.01%
HIGH_CARD;HIGH_CARD;HIGH_CARD;HIGH_CARD;STRAIGHT;HIGH_CARD;STRAIGHT;ONE_PAIR;Player;10;0.1%
HIGH_CARD;HIGH_CARD;HIGH_CARD;ONE_PAIR;STRAIGHT;TWO_PAIR;HIGH_CARD;TWO_PAIR;Player;2;0.02%
ONE_PAIR;HIGH_CARD;TWO_PAIR;ONE_PAIR;FULL_HOUSE;ONE_PAIR;FULL_HOUSE;TWO_PAIR;Player;1;0.01%
HIGH_CARD;HIGH_CARD;HIGH_CARD;HIGH_CARD;HIGH_CARD;HIGH_CARD;FLUSH;HIGH_CARD;Player;23;0.23%
HIGH_CARD;HIGH_CARD;ONE_PAIR;ONE_PAIR;ONE_PAIR;TWO_PAIR;THREE_OF_A_KIND;FULL_HOUSE;Player;3;0.03%
HIGH_CARD;HIGH_CARD;HIGH_CARD;HIGH_CARD;ONE_PAIR;HIGH_CARD;ONE_PAIR;ONE_PAIR;Player;50;0.5%
HIGH_CARD;HIGH_CARD;TWO_PAIR;HIGH_CARD;TWO_PAIR;ONE_PAIR;TWO_PAIR;ONE_PAIR;Player;19;0.19%
HIGH_CARD;ONE_PAIR;THREE_OF_A_KIND;TWO_PAIR;THREE_OF_A_KIND;TWO_PAIR;FULL_HOUSE;TWO_PAIR;Player;1;0.01%
HIGH_CARD;HIGH_CARD;HIGH_CARD;TWO_PAIR;ONE_PAIR;FULL_HOUSE;TWO_PAIR;FULL_HOUSE;Player;4;0.04%
ONE_PAIR;HIGH_CARD;TWO_PAIR;ONE_PAIR;TWO_PAIR;ONE_PAIR;FULL_HOUSE;ONE_PAIR;Player;2;0.02%
ONE_PAIR;HIGH_CARD;ONE_PAIR;HIGH_CARD;TWO_PAIR;ONE_PAIR;FULL_HOUSE;ONE_PAIR;Player;2;0.02%
HIGH_CARD;HIGH_CARD;HIGH_CARD;HIGH_CARD;ONE_PAIR;HIGH_CARD;TWO_PAIR;HIGH_CARD;Player;14;0.14%
HIGH_CARD;HIGH_CARD;ONE_PAIR;THREE_OF_A_KIND;ONE_PAIR;THREE_OF_A_KIND;FLUSH;THREE_OF_A_KIND;Player;1;0.01%
HIGH_CARD;HIGH_CARD;HIGH_CARD;ONE_PAIR;ONE_PAIR;TWO_PAIR;ONE_PAIR;TWO_PAIR;Player;158;1.58%
HIGH_CARD;HIGH_CARD;STRAIGHT;HIGH_CARD;STRAIGHT;HIGH_CARD;ONE_PAIR;STRAIGHT;Player;1;0.01%
HIGH_CARD;HIGH_CARD;ONE_PAIR;TWO_PAIR;TWO_PAIR;FULL_HOUSE;TWO_PAIR;FULL_HOUSE;Player;10;0.1%
HIGH_CARD;HIGH_CARD;HIGH_CARD;FLUSH;ONE_PAIR;FLUSH;ONE_PAIR;FLUSH;Player;2;0.02%
ONE_PAIR;ONE_PAIR;ONE_PAIR;ONE_PAIR;TWO_PAIR;TWO_PAIR;TWO_PAIR;TWO_PAIR;Player;1;0.01%
ONE_PAIR;HIGH_CARD;ONE_PAIR;HIGH_CARD;ONE_PAIR;HIGH_CARD;FLUSH;FLUSH;Player;1;0.01%
HIGH_CARD;ONE_PAIR;ONE_PAIR;ONE_PAIR;ONE_PAIR;ONE_PAIR;ONE_PAIR;THREE_OF_A_KIND;Player;2;0.02%
HIGH_CARD;HIGH_CARD;HIGH_CARD;HIGH_CARD;STRAIGHT;HIGH_CARD;HIGH_CARD;HIGH_CARD;Player;3;0.03%
HIGH_CARD;HIGH_CARD;STRAIGHT;ONE_PAIR;ONE_PAIR;TWO_PAIR;TWO_PAIR;TWO_PAIR;Player;1;0.01%
HIGH_CARD;ONE_PAIR;ONE_PAIR;THREE_OF_A_KIND;TWO_PAIR;THREE_OF_A_KIND;TWO_PAIR;FOUR_OF_A_KIND;Player;1;0.01%
HIGH_CARD;HIGH_CARD;HIGH_CARD;HIGH_CARD;ONE_PAIR;HIGH_CARD;ONE_PAIR;STRAIGHT_FLUSH;Player;1;0.01%
HIGH_CARD;HIGH_CARD;HIGH_CARD;ONE_PAIR;HIGH_CARD;TWO_PAIR;FLUSH;FULL_HOUSE;Player;1;0.01%
ONE_PAIR;HIGH_CARD;ONE_PAIR;ONE_PAIR;THREE_OF_A_KIND;ONE_PAIR;FULL_HOUSE;TWO_PAIR;Player;1;0.01%
HIGH_CARD;HIGH_CARD;HIGH_CARD;HIGH_CARD;STRAIGHT;ONE_PAIR;STRAIGHT_FLUSH;ONE_PAIR;Player;1;0.01%
HIGH_CARD;HIGH_CARD;STRAIGHT;HIGH_CARD;HIGH_CARD;HIGH_CARD;HIGH_CARD;HIGH_CARD;Player;1;0.01%
